925.74,1768.7,8.8056,925.63,1769.2,9.0524,50.018
1372.6,1226.9,10.84,1372.5,1226.8,10.883,9.4399
1020.3,1648.6,9.6732,1020.3,1649,9.7009,16.697
813.51,1144.3,18.208,813.68,1144.3,18.246,9.9114
1877.7,1496.8,5.7715,1877.5,1496.6,5.9231,29.176
1488,851.9,7.669,1488.3,851.13,7.8333,44.104
837.41,495.3,7.7371,837.59,495.61,8.324,106.63
593.61,1289.7,10.042,593.77,1289.6,10.019,8.7439
1261.3,1326.9,6.5902,1261.1,1326.9,6.6681,15.078
324.08,1375.3,14.277,324.49,1375.3,14.31,17.38
951.66,1473.8,6.6458,951.3,1474,6.9959,65.054
686.51,671.01,5.4413,686.66,671.24,5.5736,26.297
1205.9,1411.6,9.575,1205.9,1411.7,9.3611,38.553
452.46,1412,8.307,452.45,1411.4,8.3517,24.79
1319.5,480.47,5.9297,1319.8,480.39,6.1244,37.414
447.01,741.11,12.265,447.95,741.51,12.561,66.775
29.611,290.29,9.6793,29.57,290.48,9.9182,43.653
306.33,291.1,21.056,306.28,291.3,20.929,24.197
1212.5,666.71,16.884,1212.7,666.6,16.993,21.397
584.19,1631.2,13.487,584.29,1631.2,13.739,45.551
1367.1,1021.6,15.471,1367,1021.5,15.353,21.634
1515.8,812.06,7.3057,1515.5,812.25,7.5438,45.388
970.89,1100.6,12.881,970.88,1100.4,12.625,46.872
404.82,601.96,10.272,405,602.1,10.152,23.311
247.03,1224.7,9.5367,247.18,1224.6,9.564,8.6715
169.07,119.41,26.224,168.92,119.41,26.067,29.022
1496.6,1339.5,14.735,1496.4,1339.3,14.771,12.468
1466.8,1404.8,17.428,1467.5,1405,17.806,74.812
626.76,1688.8,17.192,626.04,1689.6,17.352,53.13
1245.2,363.12,12.814,1245.3,363.48,12.954,28.954
1070.2,35.823,21.328,1070,34.869,21.401,40.692
1743.5,1037.9,27.38,1743.4,1037.6,26.808,103.46
1168.5,1455.4,18.668,1168.3,1455,18.741,22.772
1190.7,646.66,7.6444,1190.6,646.56,7.8443,36.23
1139.6,1275.4,9.1412,1139.4,1275.2,9.0426,20.54
527.12,119.28,17.505,528.12,119.22,16.875,120.11
648.38,1243.4,9.9828,648.46,1243.4,10.014,6.399
1266.1,1136.5,7.4505,1266,1136.1,7.4635,15.958
1078.3,99.759,13.478,1078.6,99.686,13.401,19.789
846.04,1568.5,15.666,845.96,1568.3,15.604,14.805
1346.3,809.78,5.7359,1346.1,809.88,5.4151,58.45
1665.7,717.93,13.512,1665.6,718,13.749,43.013
269.83,1656,8.3952,270.09,1656,8.3026,19.731
1424.7,331.96,8.2355,1424.5,332.04,8.1605,16.542
983.02,349.81,16.635,983.01,349.75,16.778,25.803
126.73,1369.8,13.826,126.89,1369.9,13.764,13.066
1738.6,878.48,5.268,1737.7,878.72,5.4955,55.08
1338.2,1172.5,11.071,1338.3,1172.3,11.216,27.629
915.21,601.09,7.3954,915.07,601.26,7.5639,31.535
216.41,1563.8,9.1662,216.86,1563.7,9.3111,31.914
1483.7,762.29,22.727,1483.5,762.14,22.934,38.697
1557.3,1542.8,10.902,1557,1542.8,11.157,46.754
920.11,182.78,18.281,920.04,182.83,18.38,18.207
1371.1,933.48,5.6697,1371,933.48,5.7643,17.365
79.369,1362.6,5.0496,79.577,1362.3,5.0757,12.764
121.31,1279.5,11.742,121.4,1279.2,11.685,14.26
1455.3,883.04,6.0952,1455.3,883.3,5.9278,31.863
281.93,123.91,27.646,282.24,123.87,26.853,143.4
1414.3,1651.7,13.967,1413.9,1651.5,14.044,21.812
1306,910.91,10.747,1305.8,911.15,10.664,18.782
1179.1,904.85,20.411,1178.9,904.75,20.225,34.144
723.24,756.34,8.6739,723.07,756.76,8.707,18.835
1398.7,579.76,23.016,1398.5,579.72,23.261,45.231
1312.9,932.68,12.862,1312.8,932.5,12.784,16.461
1804.6,1488.5,13.721,1804.7,1487.8,13.724,28.811
544.65,875.93,14.992,545.07,875.87,15.337,64.364
1386.3,383.86,14.958,1386.2,384.74,14.884,37.12
531.62,712.94,8.4206,531.37,713.28,8.432,16.555
985.53,1271.1,24.237,985.51,1270.9,24.427,35.287
476.96,430.4,10.175,476.72,430.82,10.007,35.611
1129.1,1315.4,4.7831,1128.8,1315.6,4.8499,18.209
1432.4,1012.3,5.2983,1432.2,1012,5.0137,53.545
1463.7,934.71,11.238,1463.7,934.25,11.244,18.171
1490.9,510.43,5.9367,1490.6,510.01,6.1457,42.877
825.56,231.54,27.296,825.9,231.24,26.715,106.11
1295.9,1783.1,7.5421,1296.3,1782.8,7.5538,21.607
1256.9,1237.3,11.986,1256.6,1237.1,11.946,17.382
1358.9,372.15,8.2592,1358.7,372.16,8.3417,16.406
1552.1,1070.1,23.904,1551.9,1069.9,23.819,18.583
1531.6,679.29,6.9115,1531.3,679.56,6.8011,24.433
551.93,713.24,13.303,552.08,713.25,13.4,18.341
632.57,1091.3,6.4128,632.74,1091.1,6.3762,14.311
669.75,181.03,6.8306,669.96,181.15,6.8119,10.184
1049.9,916.85,18.715,1050.3,916.56,18.703,20.713
326.58,797.33,13.529,326.7,797.61,13.61,18.796
144.47,1002.7,9.5089,144.59,1002.7,9.8073,53.951
595.43,133.93,12.229,595.94,133.81,12.29,23.568
1499.2,952.18,5.8288,1498.8,952.23,5.8235,14.003
1768.2,694.55,15.033,1768.1,694.38,14.989,11.824
880.26,189.31,10.598,880.57,189.57,10.746,31.082
806.29,383.79,22.421,806.23,383.69,22.553,24.263
441.07,599.64,21.617,441.31,599.61,21.821,37.904
1747,1728.8,22.478,1746.7,1728.7,22.618,28.384
1056.9,1282.6,17.247,1056.8,1282.4,17.382,25.542
1220.2,633.25,20.219,1220.4,633.24,20.254,9.5378
739.76,1734.6,20.452,739.77,1734.5,20.487,6.8756
1866.1,708.87,11.513,1865.8,708.75,11.477,13.706
627.97,254.55,10.952,627.87,254.67,10.924,7.7548
1089.8,1870.5,14.469,1089.8,1870.4,14.458,4.8595
981.27,701.39,10.289,980.78,701.3,10.262,20.244
594.44,1342.1,5.6001,594.61,1342.1,5.6348,9.4356
1384.4,998.92,17.765,1384.2,998.74,17.699,16.214
1725.7,1476.6,6.1285,1725.7,1476.6,6.07,10.572
95.288,240.33,7.0967,95.608,240.31,7.3106,40.536
1628.1,713.21,6.1595,1628.3,713.38,6.172,9.4656
1047.2,730.88,13.128,1047.1,730.77,13.089,8.8058
925.33,1162.2,21.296,925.42,1162.1,21.422,22.941
1566,720,6.8127,1566.1,720.19,6.7877,9.5644
1430.9,609.66,12.233,1430.8,610.02,12.219,16.034
458.08,805.42,8.7649,458.67,805.41,8.7633,23.372
1627.9,820.02,21.587,1627.7,819.32,21.769,43.49
730.26,17.755,25.717,729.9,17.779,25.76,16.084
1599.3,1086.2,9.6962,1599,1086,9.7037,13.411
950.58,536.81,21.222,950.6,536.78,21.177,8.3415
575.15,73.393,20.878,572.41,73.625,21.049,113.57
293.62,1498.1,12.198,293.8,1498,12.248,13.144
144.47,163.17,26.246,145.64,162.96,26.142,50.7
1484.9,1383.6,18.644,1485.1,1383.8,18.682,13.154
1399.8,606.47,27.943,1399.8,606.41,27.12,148.19
1887.4,865.58,6.1096,1887.4,865.55,6.2549,26.233
1472,471.86,20.255,1471.7,472.15,20.165,23.686
374.46,862.1,7.9906,373.79,861.51,8.3386,72.009
1708.2,974.3,7.7193,1708,974.23,7.8346,22.736
1282.4,565.92,23.393,1282.3,566.1,23.53,26.635
1584.7,1131,12.847,1584.6,1130.8,12.863,11.091
1428.5,1881.9,9.314,1428.4,1882.4,9.5101,40.112
1427.8,433.2,12.773,1427.9,433,12.791,9.7205
948.01,1774.7,11.96,948.28,1774.8,12.103,28.029
18.902,688.98,8.3309,19.005,689.29,8.3345,13.163
221.69,1757.4,6.5721,222.06,1757.4,6.5909,15.286
1506,1520.7,18.77,1501,1518.4,18.979,220.55
548.43,732.67,11.736,548.43,732.31,11.854,25.612
1751.8,1513.8,17.627,1751.6,1513.5,17.538,22.761
157.31,70.791,25.495,157.21,70.982,25.508,8.8842
1499.6,1659.3,14.102,1499.3,1659.3,14.223,24.939
1498.2,639.92,23.438,1497.9,639.72,23.702,49.893
1508.2,280.09,12.03,1508.2,280.03,12.071,7.9519
347.36,1025.4,5.6167,347.65,1025.3,5.852,43.871
185.84,1399.8,15.835,186.34,1399.9,15.961,30.353
484.91,479.79,6.7648,485.14,479.77,6.8406,16.551
1609.3,1042.2,11.616,1608.9,1042.1,11.562,20.571
443.88,312.77,24.999,443.99,312.89,25.101,19.626
805.29,487.31,6.5643,805.29,487.27,6.7113,26.505
1363.7,19.62,5.0024,1363.5,19.9,5.1282,26.185
1882,741.73,5.4142,1881.8,741.73,5.4065,6.3713
1803.6,813.66,4.7899,1803.3,813.64,4.7826,12.666
1758.4,873.4,7.8652,1758.3,873.13,7.7921,17.49
1580,700.57,17.178,1579.6,700.45,17.168,16.93
1100.8,356.16,4.5654,1100.9,356.3,4.8875,58.269
1468.6,1189.9,25.556,1468.5,1190.1,25.551,7.8839
1303.5,1123.5,15.176,1303.3,1123.2,14.994,35.649
1066.1,409.07,19.436,1066.2,409.04,19.31,23.06
815.71,1676.5,15.408,815.95,1676.1,15.474,22.949
1076.2,574.24,5.0714,1076.5,574.23,5.0062,16.477
1155.8,1762,19.573,1155.7,1761.8,19.603,12.179
1219.1,1250.3,19.13,1218.7,1250.1,19.065,19.25
1077.9,123.99,15.596,1077.9,124.18,15.779,33.926
369.55,143.33,14.59,369.41,143.65,14.706,25.092
908.53,211.46,15.082,908.7,211.64,15.267,34.776
1221.5,1024.5,17.407,1221.1,1024.3,17.333,21.26
1122.7,928.65,9.4217,1122.6,928.64,9.4657,8.1793
452.94,663.59,14.787,453.07,663.45,14.754,9.783
340.07,277.95,23.706,339.86,277.98,24.028,58.633
1603.9,975.07,24.61,1603.5,975.02,24.736,28.01
357.65,342.53,18.892,357.58,342.47,19.048,28.284
714.35,282.16,20.213,714.63,282.3,20.177,13.978
1840.1,1082.1,8.3738,1839.7,1082.1,8.3695,15.399
854.37,726.91,6.5989,854.3,726.8,6.699,18.742
602.93,1607.1,7.4004,603.45,1607,7.6048,42.47
1639.4,589.45,7.3741,1639.2,589.15,7.3514,16.296
542.49,137.72,18.969,542.29,137.81,19.013,11.798
1481.2,76.833,10.707,1481.1,76.695,10.601,20.197
1083.7,45.249,7.99,1083.8,45.33,7.927,12.151
1146.9,1588.6,18.555,1146.8,1588.4,18.543,9.6285
1446.2,993.07,6.4135,1445.8,993.3,6.3953,18.929
1482.3,813.31,22.739,1481.7,813.38,22.692,24.221
1436,930.05,11.627,1436,929.87,11.72,18.31
622.85,1370.8,19.897,622.78,1370.7,20.071,31.98
415.92,584.39,19.147,415.82,584.39,19.274,23.284
966.75,1429.6,10.898,966.67,1429.4,10.757,27.654
1422.2,520.82,15.817,1422.2,520.91,15.842,5.8055
1672.7,270.92,11.525,1672.8,271.18,11.672,28.726
545.57,262.07,18.877,545.56,262,19.008,23.927
1105,122.69,16.2,1105,122.69,16.276,13.807
1395.4,534.24,6.4757,1395.6,534.28,6.5856,22.536
1686.5,1651.9,23.084,1686.5,1651.7,23.138,14.687
1032.3,1875.4,15.97,1032.2,1875.4,16.024,10.746
1083.5,1451.7,22.103,1083.2,1451.6,22.098,15.123
1605.4,1621.2,24.482,1605.1,1620.8,24.435,20.154
1624.6,1601.1,22.234,1624.2,1600.9,22.27,18.809
391.6,844.77,19.489,391.39,845.19,19.472,18.882
1272,1817.1,7.6837,1272.4,1816.9,7.4937,36.471
770,414.35,20.12,770,414.44,20.357,42.744
511.07,786.06,7.8358,511.37,785.78,7.8173,16.322
1901.5,1104.8,7.945,1899.4,1104.5,7.6657,95.785
1005.5,1667.8,8.4825,1005.4,1667.9,8.5728,16.512
1620.5,518.31,7.8612,1620.2,518.33,8.0145,30.38
293.44,909.32,9.2784,293.74,909.31,9.2464,13.192
1183.4,1779.8,21.352,1183.5,1779.8,21.391,8.0604
871.99,1267.3,10.992,871.74,1267.1,11.045,16.107
576.64,393.02,19.704,576.6,392.83,19.826,23.315
1160.3,581.76,10.975,1160.1,581.75,11.138,29.944
333.28,895.5,11.569,333.38,895.37,11.657,17.192
497.21,597.61,15.44,497.32,597.81,15.641,37.293
1405.4,54.616,4.509,1405.2,54.872,4.5667,15.783
1281.3,1687.7,5.8879,1281.6,1687.5,6.0937,40.508
834.68,1207.6,17.142,834.83,1207.6,17.1,9.6062
1408,187,18.161,1408.1,186.98,18.284,22.776
701.13,600.31,4.38,701.16,600.4,4.4947,20.977
1577.8,1071.9,16.98,1577.5,1071.7,17.004,15.556
1306.8,402.95,7.2163,1306.6,403.21,7.1866,13.288
1096.3,754.85,7.0367,1096.4,754.86,7.0627,5.9082
273.95,1057.5,18.174,274.13,1057.3,18.162,9.3575
1681,185.97,9.2869,1680.8,186.25,9.4423,31.926
839.23,234,6.8802,839.24,233.89,6.9264,9.4127
743.4,1557.7,11.071,743.38,1557.6,11.357,51.782
1825.4,576.04,5.5471,1825.4,575.89,5.528,7.0523
1487.9,373.15,4.5219,1487.5,373.14,4.5364,14.822
41.667,1889.2,11.991,42.001,1889.1,11.925,17.966
1045,757.86,7.2448,1045.2,757.93,7.3874,26.407
1429.4,902.44,4.8486,1429.5,902.38,5.0041,28.308
1614.2,1686.3,8.984,1614.2,1686.1,8.897,18.209
1159.7,532.55,23.438,1159.7,532.48,23.518,14.653
168.17,1595.5,9.6201,168.13,1595.3,9.8014,33.93
1530.6,1677.6,12.83,1530.5,1677.5,12.96,25.332
214.55,1123.9,12.349,214.48,1123.9,12.336,3.9678
13.226,318.82,17.775,13.152,318.7,17.846,13.993
196.8,1100.7,18.726,197.06,1100.5,18.887,32.25
1620.4,115.75,5.3389,1619.9,116.13,5.369,26.898
1545.9,1496.7,7.2431,1545.8,1496.2,7.5058,51.412
277.92,995.58,6.9738,277.77,995.58,6.9728,5.8462
1349.3,922.41,13.056,1349.2,922.19,12.964,19.129
719.81,185.51,20.058,719.83,185.25,19.845,39.703
1494.6,353.21,11.417,1494.4,353.39,11.647,42.706
1322.3,289.46,11.779,1322.2,289.47,11.901,22.637
1502.9,1070.7,8.8418,1503,1070.7,8.7797,12.205
330.11,901.55,19.844,330.77,901.56,19.982,36.182
1223.3,1601.2,10.1,1223.5,1600.9,9.9865,25.128
1477.2,1026.4,12.866,1477.2,1026.3,13.021,28.185
1274,905.92,17.713,1273.8,905.56,17.971,49.468
113,1325,12.243,113.16,1324.6,12.285,18.728
1251.5,61.988,24.022,1251.3,62.442,24.255,46.464
65.938,1870.1,6.1067,65.766,1870,6.1143,7.6116
390.12,927.06,5.3327,390.46,927.02,5.2731,17.493
1504.8,978.86,7.8072,1504.7,978.86,8.0262,39.46
218.48,856.04,7.2999,218.84,856.08,7.6325,61.6
1702.6,1646.1,7.927,1702.8,1645.7,8.1511,43.211
1673.9,1559.6,7.9211,1673.8,1559.5,8.1899,48.57
1434.8,805.76,13.24,1434.7,805.64,13.084,29.002
1631.2,1588.2,14.803,1630.7,1587.4,14.789,36.227
1702.2,613.55,21.982,1702.3,613.15,22.143,33.336
338.94,309.96,13.461,339.26,310.11,13.457,13.99
532.5,1523.1,17.656,532.89,1523.2,17.657,15.445
1789.4,677.43,16.296,1789.2,678.02,16.494,43.195
1888.6,1815.5,9.1722,1887.8,1815.6,9.1173,31.47
282,1327.3,14.7,282.26,1327.3,14.893,36.247
1360,476.82,21.798,1359.9,476.83,22.034,42.935
1592.2,655.23,9.7499,1592.6,655.09,9.5931,32.858
1206.3,1432.9,10.003,1206.4,1432.6,10.139,26.151
1595,725,8.1178,1594.9,725.02,8.024,17.102
1781,558.85,22.311,1780.8,558.54,22.338,15.854
441.83,687.41,19.399,441.8,687.17,19.546,28.103
1286.1,680.41,11.819,1285.9,680.51,11.939,24.05
1601.8,1743.1,5.0624,1601.4,1742.3,5.2945,54.055
1347.4,898.51,19.422,1347.5,897.7,19.481,33.985
1045.5,1620.3,4.8289,1045.7,1620.1,4.9847,29.846
1327.8,911.43,6.1902,1327.7,911.68,6.1682,10.647
950.83,237.52,18.77,950.78,237.74,18.724,12.01
38.783,572.44,7.9908,38.959,572.4,8.3042,56.869
1023.8,28.885,16.064,1024,29.155,16.051,12.653
1065.9,1042,16.451,1066,1042.1,16.447,5.4262
1761.3,920.49,15.684,1764.9,919.26,15.374,158.21
221.4,217.57,15.705,221.61,217.47,16.015,56.566
947.17,856.45,12.324,947.27,856.31,12.562,43.372
239.99,1090.4,15.671,239.98,1090.2,15.823,28.526
1466.3,549.12,22.757,1466.2,549.06,23.053,53.544
1621.3,329.68,20.091,1621.1,330,20.016,19.842
937.07,1146.4,8.1703,937.23,1146.3,8.1684,8.0733
525.65,324.15,21.067,525.68,324.09,21.031,6.8927
1681.2,167.53,9.838,1680.8,167.46,9.9579,28.289
1052.5,22.716,16.088,1052.2,22.735,16.243,30.667
1580.7,687.56,9.202,1580.6,687.5,9.2091,7.4617
59.74,1135.1,6.1064,60.154,1135.1,6.2352,28.49
1674.5,72.456,13.076,1674.4,72.676,13.187,22.032
1459.9,479.1,15.521,1459.7,479.03,15.535,10.652
708.63,1888.3,10.037,708.87,1887.9,9.9538,22.533
1294.5,465.3,10.996,1294.4,465.38,11.038,9.0928
1362.9,179.9,6.5864,1362.5,180.13,6.7287,31.245
1136.5,57.889,18.954,1136.6,57.958,19.059,19.163
1576.8,1790.1,13.8,1576.8,1790.2,13.94,25.387
1297.7,1620.4,21.081,1297.8,1620.4,20.903,32.178
947.93,1556.7,20.818,947.77,1556.7,20.787,9.0378
1251.9,798.29,22.929,1251.9,798,23.273,63.002
428.17,170.04,28.072,428.76,170.09,27.116,173.59
1464.7,521.49,22.214,1464.4,521.74,22.113,22.897
1681.6,1275.3,5.3163,1681.1,1275.3,5.4251,26.896
921.86,603.6,10.269,921.59,603.57,10.381,23.027
1340.1,419.05,11.921,1340.1,418.81,11.794,24.821
459.63,212.71,27.134,459.96,212.84,26.716,76.55
1608.9,955.54,5.1536,1608.7,954.89,4.995,39.23
294.74,504.67,8.9818,294.74,504.66,9.0791,17.53
917.19,442.47,5.2084,917.12,442.69,5.1775,10.666
1102.9,84.1,7.2886,1103,84.58,7.2562,20.339
1830.6,819.33,26.644,1830.4,819.13,26.488,30.302
214.18,1620.6,7.9778,214.15,1620.1,8.2251,47.55
1663.9,1092.9,4.8436,1663.8,1092.8,4.9206,14.83
518.96,414.67,24.135,518.73,414.84,24.137,11.295
311.95,174.63,26.327,311.93,174.16,26.023,57.929
1229.6,364.29,4.4663,1229.7,364.83,4.599,32.062
98.146,986.54,19.594,98.193,986.5,19.816,39.914
1121.5,373.33,8.1858,1121.4,373.98,7.9155,55.399
212.43,139.08,4.8748,212.35,139.03,4.9208,9.1543
1080.7,903.48,12.798,1080.9,903.7,12.993,36.643
1519.4,541.41,12.091,1519.2,541.3,12.113,8.2467
183.34,1471.8,6.9878,183.92,1471.5,7.1136,34.574
364.13,1776.7,22.333,364.22,1776.8,22.462,24.267
1593.6,171.31,7.3859,1593.1,171.58,7.5243,33.213
1737.8,1357.9,14.157,1737.7,1357.8,14.259,19.319
1375.3,249.97,13.186,1375.6,249.72,13.307,25.627
1143.3,152.95,4.7901,1143,153.28,4.9337,30.522
1024.9,760.06,4.9218,1024.8,760.35,5.0427,25.619
1853.3,353.58,8.3741,1853.1,353.49,8.469,18.545
1740.5,670.21,13.795,1740.4,670.31,14.113,57.355
654.48,1070.1,7.2252,654.61,1070.1,7.2232,5.2733
1510.4,480.5,20.129,1510,480.61,20.367,45.991
420.48,1041.5,6.0802,420.96,1041.6,6.2197,31.701
133.84,1622.3,6.9433,134.39,1621.9,6.9164,26.957
309.09,524.31,14.663,309.1,523.9,14.778,26.542
1066.5,908.85,13.008,1066.6,908.7,13.131,23.72
1753.4,1370,13.988,1753.1,1369.8,14.151,32.357
1594.1,1517,12.135,1593.9,1516.8,12.096,14.977
1766.2,686.75,18.079,1765.8,686.67,18.271,37.107
1629,667.84,18.624,1628.9,667.76,18.72,17.84
811.47,169.7,5.2185,811.33,169.68,5.2881,13.802
1496.8,1125,7.8985,1496.8,1125,8.0026,19.026
458.33,765.62,15.562,458.64,765.72,15.896,61.558
1342,409.53,13.84,1342.1,409.39,14.07,41.731
1746.6,1530.7,19.308,1746.5,1529.9,19.608,61.291
1701.7,1403.9,15.348,1701.6,1403.3,15.392,23.436
1463.1,240.36,8.1747,1462.8,240.33,8.4363,48.215
980.93,374.49,16.445,981.1,374.47,16.76,57.128
512.37,123.71,21.136,512.38,123.94,21.392,46.993
419.66,1532.3,19.172,419.89,1532.3,19.31,26.431
1551.9,1735.6,14.393,1551.8,1735.3,14.501,22.109
1579,731.54,21.576,1579.4,731.39,21.823,47.428
767.75,66.242,19.387,767.64,65.695,19.531,34.023
101.69,1665.7,5.4702,101.79,1666.1,5.5943,27.753
44.84,1257.2,11.826,45.238,1257.1,12.037,41.358
805.22,1867.9,12.612,805.16,1867.7,12.767,29.185
1216.7,519.06,13.087,1216.8,519.06,13.301,39.019
1534.6,805.13,21.215,1534.5,804.8,21.771,101.03
776.75,151,8.3952,776.65,151.05,8.4509,10.846
509.28,81.068,11.554,509.01,81.092,11.559,10.817
1834.7,1322.6,17.121,1834.2,1322.3,17.078,26.602
1401.9,59.262,6.8735,1401.5,59.615,7.1008,45.52
1781,1733.3,19.964,1781.1,1733.2,19.942,7.4598
356.3,680.96,5.941,356.27,681.48,5.9613,21.058
1398.2,594.05,23.491,1398,593.91,23.495,9.6585
546.01,104.85,19.791,545.59,104.68,19.51,53.573
868.97,1257,10.384,868.86,1257.3,10.471,19.868
44.852,292.71,5.2455,44.939,292.43,5.2557,11.87
1351.7,1548.2,9.3058,1351.6,1548.1,8.9361,66.804
1716.5,1568.2,6.3223,1716.4,1568,6.3993,17.427
1342.3,714.56,28.11,1342.6,714.51,27.15,173.04
1513.9,921.41,7.253,1513.9,921.12,7.2476,11.273
8.4353,882.14,5.9125,8.8058,882.31,6.0465,29.041
1306.8,1179.4,11.381,1307,1179.5,11.615,42.897
589.84,347.09,10.006,589.39,346.87,10.254,48.719
1858.8,1177.7,8.6715,1858.6,1177.5,8.6726,7.8898
1819.7,1172.5,18.798,1819.3,1172.4,18.748,16.738
929.26,84.027,17.314,928.56,84.174,17.483,41.709
1352.7,173.9,6.5589,1352.7,174.34,6.6001,18.955
1246.9,373.83,11.418,1247.4,373.96,11.64,44.476
1744.3,367.53,25.338,1744.1,367.66,25.624,52.732
1715.1,1798.6,15.34,1715.1,1799.1,15.362,17.072
1818.3,380.04,18.14,1818.3,379.75,18.422,52.008
1214.5,58.591,15.917,1214.3,58.642,15.923,8.6409
1107.3,1097.1,8.4194,1107.3,1096.9,8.4056,8.3915
11.323,1621.2,8.1002,11.394,1621,8.1702,15.619
1900.7,1147.2,10.356,1899.4,1146.8,10.473,60.171
1483,915.19,22.537,1483,915.51,22.672,27.361
1546.1,1531.4,4.8225,1546.1,1531.3,4.9902,30.552
579.94,1699.9,9.4482,580.18,1699.7,9.6151,32.709
1076.2,1679.8,22.635,1076.4,1679.6,22.698,17.11
1683.9,1573.2,8.5424,1683.5,1573.2,8.5793,16.116
1575.4,1102.6,17.436,1575,1102.3,17.565,29.418
944.82,695.15,9.0583,944.9,694.93,9.0942,11.105
1723.4,1212.4,4.7879,1723.3,1212.2,4.8917,21.914
478.46,618.1,15.103,478.53,617.98,15.086,6.3765
1744.1,433.84,22.035,1744,434.21,22.215,36.032
688.76,1584.7,13.505,688.89,1584.6,13.63,24.154
180.24,1002,18.138,180.59,1002,18.26,26.209
486.73,700.3,11.762,486.88,699.95,11.909,30.235
1540.3,513.9,20.782,1540.1,513.8,20.932,28.046
1498.9,1093.2,9.5215,1498.9,1093.1,9.7645,43.965
1113.3,110.64,20.358,1113.6,110.9,20.429,21.024
509.36,157.02,13.814,509.43,156.92,13.798,5.6761
1609.9,183.33,4.3018,1609.9,183.28,4.4541,27.492
403.62,876.89,17.364,403.75,876.8,17.449,16.6
836.54,20.209,18.73,836.73,20.168,19.022,53.05
1764.8,282.61,11.792,1764.4,282.86,11.775,20.212
1350,335.93,19.032,1350,335.59,19.124,21.48
1879.1,981.41,12.357,1878.5,981.7,12.143,45.832
773.64,27.279,5.7158,773.61,27.473,5.6014,22
1741.7,720.14,7.8997,1741.5,720.18,8.0718,32.086
215.83,1168.5,6.2132,216.23,1168.8,6.4204,42.488
1412,450.49,10.987,1411.8,450.52,11.111,23.674
112.1,55.97,25.259,112.01,55.931,25.266,4.0703
1819.5,1557.6,12.017,1819.6,1557.3,12.031,11.086
37.367,1754.1,10.863,38.001,1753.8,10.963,32.344
1131.1,616.78,8.5808,1131,616.87,8.7622,32.958
507.77,130.61,19.419,507.44,130.96,19.529,27.447
153.07,1826,7.5549,153.24,1826,7.7041,27.654
1135.8,99.354,4.47,1136.1,99.644,4.6258,33.341
262.86,15.51,18.908,262.6,15.27,19.084,34.671
98.609,1124,19.832,98.997,1123.9,20.01,35.612
823.8,132.6,26.219,823.78,132.71,26.107,20.769
1330.5,1647,20.278,1330.3,1646.8,20.221,16.381
1090.1,1547.5,17.845,1090.3,1547.5,17.926,16.4
646.41,478,17.7,646.4,477.97,18.033,59.963
1449.7,1494.8,7.1474,1449.4,1494.7,7.3081,31.115
806.19,480.08,13.299,805.78,480.35,13.365,23.077
64.234,60.297,24.155,63.899,60.217,24.39,44.526
1295.6,1590.8,20.398,1295.7,1590.7,20.617,39.795
1275.3,24.726,24.149,1274.2,24.905,24.437,67.898
114.24,604.26,6.875,114.3,603.71,6.9316,24.043
942.77,641.23,6.6316,942.71,641.18,6.513,21.566
516.61,85.838,27.326,516.85,85.822,26.902,76.844
1259,862.91,16.749,1259.2,863.07,16.934,34.992
203.96,739.78,9.3486,204.15,739.79,9.3881,10.255
109.3,1707.1,8.261,109.21,1706.8,8.282,14.367
764.38,752.73,5.673,764.14,752.59,5.7835,22.87
1702.4,1819.6,15.231,1702.2,1819.6,15.458,42.2
578.7,144.34,5.5868,578.88,144.45,5.3904,36.341
1166.2,651.35,24.697,1166.4,651.53,24.809,22.921
1781.8,1001.9,10.536,1781.8,1001.7,10.811,50.21
1629.1,609.4,19.136,1628.7,609.33,19.28,32.005
1188.2,1805.2,8.9246,1188,1804.6,9.0687,35.75
1057.3,325.54,10.182,1057.3,325.7,10.23,10.541
133.22,1548.2,7.5586,133.33,1547.9,7.751,36.723
372.94,1850.6,9.636,373.3,1850.4,9.5154,27.142
898.07,103.22,15.984,897.53,102.55,16.344,73.306
1841.1,368.64,4.7508,1841,368.55,4.7553,5.8397
1183.8,589.35,13.246,1184,589.46,13.505,47.585
336.75,626.17,16.633,336.98,625.76,16.858,44.726
1328.8,429.16,4.632,1328.8,429.31,4.7212,17.12
1143.9,43.318,14.452,1143.7,43.822,14.442,21.442
936.56,1462,16.791,936.71,1462.3,16.879,20.687
1763.7,1777.8,15.535,1763.6,1777.4,15.684,32.104
1795.7,1065.1,10.754,1795,1064.9,10.836,30.094
1100.8,525.66,4.6694,1100.7,525.56,4.7682,18.69
350.28,34.497,27.457,350.23,34.34,26.847,110.07
1513.3,749.25,10.886,1513.1,748.94,11.099,41.238
1133.8,650.77,11.277,1133.4,650.61,11.418,29.52
1285.6,1378.4,10.1,1285.8,1378.1,10.406,56.956
1244.3,655.67,21.39,1244.5,655.49,21.414,10.926
72.01,300.61,18.162,71.915,300.56,18.219,11.025
858.22,209.83,10.52,858.44,210.33,10.85,63.23
160.26,1642.7,8.2416,160.63,1643,8.2821,19.969
276.74,104.18,15.23,276.74,104.07,15.392,29.322
315.5,182.92,4.2478,315.77,182.55,4.096,32.723
993.83,1817.1,6.1353,993.62,1817.2,6.2053,15.285
261.11,525.6,11.47,261.34,525.55,11.45,9.9505
513.09,1849.1,11.879,513.22,1848.9,11.852,10.493
350.94,1559,13.352,350.72,1558.8,13.462,23.214
1822.3,548.01,18.16,1822.2,548.18,18.33,31.422
56.627,189.57,14.628,56.728,189.31,14.745,23.888
1778.7,1566,8.8094,1778.4,1565.8,8.5404,50.265
1227.9,732.29,4.6292,1227.8,732.34,4.6869,10.644
1433.6,1436.7,21.295,1433.6,1436,21.659,71.294
759.78,247.68,4.583,759.96,247.7,4.7517,31.224
17.661,1380.2,22.154,17.542,1380.5,22.476,58.837
1599.5,230.94,7.186,1599.3,230.85,7.2153,10.414
1813.2,1780.8,11.708,1813.2,1780.5,11.916,39.449
356.36,210.37,16.991,356.45,210.27,17.055,12.677
1466.4,458.36,14.627,1466.5,457.94,14.734,25.731
369.8,83.471,16.998,369.38,83.274,17.213,42.871
52.729,419.14,5.6447,52.591,419.09,5.4338,38.409
1891,1759.1,8.2833,1891.2,1759.3,8.0532,42.607
1666.4,331.38,7.7303,1666.6,332,8.0033,55.757
1682,859.54,17.256,1681.9,859.26,17.215,13.764
1617.5,1023.7,12.715,1617.2,1023.4,12.848,28.259
392.75,45.234,15.878,392.78,45.446,16.087,38.6
1214.9,1044.2,10.71,1214.4,1044.4,10.741,19.575
27.057,1595.5,6.8081,27.449,1595.7,6.9086,24.803
1756.1,1348.3,12.834,1756.1,1347.9,13.068,45.303
1617.8,1664.5,11.029,1617.8,1664.4,11.15,22.261
626.48,164.85,22.121,626.03,165.23,22.365,49.706
1242.4,1260.4,10.871,1242.2,1260.2,11.271,72.419
1251.5,1145.6,15.171,1251.3,1145.7,15.501,60.14
1790.7,1027,23.829,1790.1,1026.7,23.742,33.709
643.96,110.95,5.2121,643.86,110.44,5.4199,42.565
1893.2,1159.2,22.975,1893.1,1159.5,23.016,15.178
7.9422,667.67,14.519,8.2581,667.6,14.461,16.515
708.78,1158.8,7.7941,709.37,1158.8,8.0691,54.746
1770.4,226.34,12.903,1770.5,226.75,13.113,41.441
389.37,12.715,8.5945,389.55,12.814,8.7878,35.748
161.02,1510.5,12.842,161.14,1510.4,12.938,18.883
1734,601.12,5.9907,1734,601.51,6.1117,26.832
432.07,321.52,13.843,432.25,321.51,14.054,38.716
1306.2,414.98,6.0781,1305.9,415.57,6.0302,26.552
1739,39.334,13.671,1739.3,39.119,13.834,32.751
622.82,1070.1,5.4692,623.24,1070,5.7304,50.154
1783.6,444.86,25.094,1783.8,444.61,24.788,56.584
1781.6,867.66,4.5369,1781.9,867.19,4.5559,22.509
1122.9,1431.2,19.505,1122.9,1431.1,19.607,19.042
365.6,848.93,4.3433,365.8,849.43,4.4867,33.535
922.98,200.25,17.198,923.29,200.65,17.321,30.028
1749.3,344.54,4.8243,1749.1,344.57,4.9535,23.795
1672.3,557.54,10.44,1672,557.48,10.672,42.972
185.15,1451.1,10.471,184.82,1451.4,10.733,50.566
1615.9,1736,7.8314,1615.7,1736,8.0027,31.571
1618.6,681.08,15.135,1618.5,680.97,15.137,6.8257
1186.6,61.259,4.0485,1186.7,61.268,4.0167,6.3641
1674,1191.5,15.65,1673.8,1191.5,15.926,50.32
62.409,1174.2,6.7031,63.015,1174.3,6.823,32.637
1769.3,1813.1,11.133,1769.6,1812.8,11.132,17.232
1002.9,7.2973,18.795,1002.9,7.3433,18.791,2.0524
90.128,549.61,12.646,90.206,549.18,12.865,43.105
1356.3,1592.8,16.735,1356.3,1592.7,16.98,44.187
97.981,233.16,17.862,98.016,233.26,18.085,40.463
1663.7,1705.1,14.491,1663.8,1704.4,14.627,36.063
1319.8,1193.5,4.6291,1319.7,1193.6,4.7701,26.332
59.664,46.717,9.9864,59.535,46.664,10.235,45.119
1784.7,328.66,16.68,1784.6,327.91,16.765,33.722
90.281,594.38,5.7844,90.352,594.32,5.7573,6.0272
1494.5,923.87,11.055,1494.4,924.37,11.049,19.738
830.36,428.12,8.2185,830.02,428.18,8.1665,16.54
294.31,154.35,13.293,294.37,154.37,13.554,46.957
1590.4,703.76,16.427,1589.8,703.44,16.68,52.438
225.08,1807.8,22.708,225.1,1808.1,23.026,59.106
1667.3,1588.2,13.296,1667.3,1587.4,13.405,36.005
690.48,473.61,4.8907,690.63,473.46,4.7686,23.468
1279.7,1631.4,21.799,1279.5,1631.2,22.059,48.79
1190.6,694.26,14.288,1190.5,693.65,14.505,46.022
1841.6,310.89,6.516,1841.4,310.75,6.8539,61.888
50.803,48.393,6.8617,49.533,46.142,7.0291,106.89
1220.5,3.3948,5.7603,1220.3,3.7991,6.1576,73.592
1041.1,108.09,22.61,1041,108.08,22.757,27.008
1209.2,1631.5,5.2868,1209,1631.1,5.1446,31.235
313.14,159.17,28.009,313.89,159.14,27.152,157.05
949.78,53.794,14.357,949.88,53.821,14.269,16.499
1156.1,854.47,18.653,1156.2,854.16,18.928,51.154
1806,108.95,5.4223,1806,108.89,5.4713,9.1324
1493.3,1649,22.244,1493.2,1649.4,22.414,35.961
29.323,133.86,17.713,29.362,133.95,17.598,20.973
86.818,1675.5,8.9549,86.85,1676,9.1932,46.574
13.982,366.57,8.1972,14.229,366.78,8.0404,30.996
1548.4,998.69,8.1134,1548.4,998.28,8.0137,24.158
2.2908,1208.8,5.5544,3.0288,1208.7,5.3488,47.577
788.53,646.21,6.5442,788.62,646.24,6.4462,17.985
72.407,1387.7,10.533,72.566,1387.7,10.652,22.347
1806.5,1808.8,9.8135,1806.4,1809.1,9.8804,16.72
1292.9,1685.4,20.671,1292.8,1685,20.701,18.793
1499.3,865,8.5041,1499.4,864.82,8.668,30.648
308.11,1447.8,17.516,307.74,1448,17.818,57.039
1797.5,1011.2,28.129,1798.2,1010.9,27.113,185.36
1547.6,688.07,21.718,1547.5,688.19,21.805,16.432
1676.9,1894.7,12.838,1677,1894.2,12.804,20.863
789.9,212.06,6.5537,790.54,211.01,6.6524,51.906
1071.2,636.22,14.848,1071,636.23,14.738,21.732
1646.8,550.03,14.304,1646.9,549.96,14.349,8.9962
1374,843.54,8.8494,1373.8,843.89,8.9832,28.823
1302.6,854.12,7.6069,1302.5,853.88,7.9332,59.537
1548.9,1050.8,8.9689,1549,1050.8,8.8878,15.058
1691.9,1170.6,16.633,1692,1170.3,16.846,40.449
1140.1,81.081,24.876,1139.6,81.015,25.178,58.014
819.41,243.73,6.5005,819.32,243.81,6.701,36.427
1036.3,1617.3,12.803,1035.1,1617.7,14.53,315.22
344.06,332.56,22.387,344.16,332.61,22.443,11.067
1489,1359,4.8753,1489.1,1359.3,5.218,62.856
650.32,1478.8,7.2778,650.7,1479.1,7.2996,19.799
467.14,719.09,18.009,466.7,718.89,17.913,25.841
974.51,270.18,7.7228,974.39,269.83,7.5186,39.566
1628.2,1725.4,8.4685,1628.3,1725.4,8.7459,50.094
1219.8,1645.6,16.813,1219.7,1645.5,17.188,67.737
1572.3,714.02,10.595,1571.8,714.12,10.43,34.527
78.069,40.503,10.055,77.901,40.527,10.091,9.3212
1365.8,933.65,14.497,1365.8,932.97,14.881,74.398
1785.6,79.659,6.2729,1785.4,79.434,6.2443,12.32
1759.3,1066.6,20.898,1759.1,1066.3,21.14,45.295
1808.1,1353.9,5.9123,1808.1,1353.7,5.9435,8.9167
862.01,561.76,10.01,862.18,561.57,10.148,26.857
778.18,88.176,19.15,778.62,87.693,19.396,51.327
6.1315,1767.3,12.593,6.1769,1767.2,12.746,27.645
503.63,141.28,21.278,504.04,141.89,21.33,30.894
970.22,1854,17.553,970.35,1853.9,17.633,15.366
1060.4,693.61,12.317,1060.8,693.99,12.065,50.917
598.49,85.841,7.3198,598.25,85.766,7.5953,50.582
881.14,333.82,8.5999,881.2,333.83,8.4916,19.67
564.6,1817.3,12.108,564.17,1817.2,12.191,23.331
33.588,213.43,4.83,33.181,213.83,4.9396,29.913
73.989,1689.7,9.0147,74.9,1690.1,8.9634,40.199
1057.7,233.02,11.097,1057.5,232.71,11.342,46.321
844.16,385.8,7.7339,844.61,386.07,7.9031,36.908
187.46,166.38,17.636,186.91,167.01,18.122,93.504
1527.3,728.84,19.304,1527.7,729.21,19.448,32.296
1194.9,774.62,5.4115,1194.9,774.78,5.6832,49.323
1856,1863.3,7.9187,1856,1863.6,8.2948,68.9
1722.7,1827.8,13.702,1722.6,1827.9,13.804,19.946
1132.8,1860.3,18.612,1132.5,1860.4,18.961,63.836
1600.7,166.41,13.071,1600.7,166.91,13.168,26.207
724.23,1145.9,10.665,724.19,1145.3,10.748,29.86
649.53,630.27,24.994,650.41,631.13,24.875,53.433
879.29,527.49,19.493,879.32,527.85,19.591,22.921
1132.9,816.26,10.419,1132.7,816.14,10.523,20.212
1010.2,885.64,7.068,1010.8,885.8,7.0616,25.547
1443.9,1475.1,7.5691,1443.9,1474.9,7.6577,18.072
793.91,479.91,5.9138,794.61,480.32,6.0219,37.506
1305.8,1570.6,7.6673,1305.4,1570.6,7.5844,20.981
702.39,548.62,6.5866,701.04,547.88,6.8015,72.249
1296.2,635.81,16.05,1296.1,635.67,16.014,9.2041
1218.5,498.66,6.4502,1218,499.52,6.4276,40.854
849.96,1488.5,8.4571,849.84,1488.3,8.3188,26.646
492.1,233.06,12.3,492.27,233.91,12.336,34.669
489.35,1395.7,10.815,489.28,1395.7,10.637,32.247
863.3,1074.8,24.764,863.15,1074.7,24.729,10.67
725.09,310.66,6.6956,725.11,310.88,6.688,8.5216
641.88,943.04,6.1522,641.75,943.18,6.162,7.7037
1027.6,810.47,14.904,1027.1,811.2,14.93,35.623
1122.3,1691.3,9.1632,1122.2,1690.7,9.2818,33.866
1286.4,56.766,13.049,1286,56.873,13.129,22.342
1082.9,607.43,7.0851,1082.4,607.35,7.0769,19.708
1435.7,1525.1,7.1082,1435.3,1525.1,7.0054,26.845
709.61,935.64,9.3143,709.41,935.49,9.3923,17.138
589.85,864.55,15.023,589.28,864.44,15.03,23.077
1882.6,986.54,10.651,1882.1,986.06,10.825,42.14
1112.4,912.05,18.123,1112.3,912.4,18.107,14.444
1299,934.63,11.454,1298.6,934.7,11.476,18.444
1223.9,691.69,17.586,1223.4,691.65,17.842,49.885
125.82,914.84,8.8347,126.18,914.25,8.8261,27.379
1553.8,1261.6,22.932,1553.1,1261.5,22.991,26.992
282.45,569.77,11.688,282.89,569.87,12.024,63.184
939.14,1584.1,6.0752,938.84,1583.7,6.0899,17.759
1044.5,305.53,10.23,1044.1,305.61,10.177,19.731
1225.6,1270.1,9.4701,1225.2,1270,9.2509,43.986
678.27,475.2,16.098,678.41,475.38,16.181,17.478
996.02,1279.1,14.986,995.62,1279,15.052,20.43
1594,1229.3,14.638,1593.5,1229.1,14.735,28.433
468.42,833.8,13.78,468.32,833.8,13.837,10.894
439.08,1113,7.1175,438.94,1113.2,7.2197,21.388
811.91,950.12,24.023,811.69,949.95,24.16,27.058
864.93,333.14,9.07,864.65,333.01,9.1303,16.318
841.74,813.35,9.7593,841.36,813.23,9.6675,22.87
851.03,980.34,6.6408,850.8,980.2,6.6206,11.145
1557.6,1180.9,11.978,1557.1,1181,12.269,55.288
592.33,719.49,26.265,592.16,719.39,25.698,102.3
1500.3,242.24,9.5634,1499.9,243.05,9.6982,42.739
1357.4,950.38,17.607,1357.1,950.16,17.516,22.76
732.2,812.56,16.881,731.98,812.61,16.882,8.9707
724.91,832.92,10.863,724.88,832.9,10.986,22.206
1036,1294,14.451,1035.7,1293.6,14.603,34.686
67.762,1433.1,10.978,68.038,1433.3,10.975,13.113
709.28,385.44,6.2885,709.25,385.84,6.4499,33.196
1102.5,587.73,12.051,1101.9,587.49,12.113,31.241
1431.5,691.04,6.8523,1430.4,690.91,6.7824,46.156
542.72,843.96,15.792,542.49,843.78,15.698,20.461
182.41,1359.1,15.944,182.32,1359.2,15.873,13.483
1170,147.03,5.2708,1169.7,147.2,5.4781,40.257
909.61,1191.5,5.2765,909.43,1191.2,5.0138,49.262
1498.4,1273.6,21.816,1497.8,1273.3,21.88,27.793
899.92,512.67,17.684,898.47,512.35,17.769,60.738
631.68,1645.3,5.8076,631.42,1644.9,5.6283,38.309
1455.3,1541.5,10.053,1454.9,1541.3,10.176,29.758
1547.4,1202.8,12.107,1547.3,1202.7,12.196,16.913
1666.5,1660.2,11.501,1665.9,1660.3,11.674,38.208
366.84,944.33,5.2489,366.84,944.23,5.3094,11.563
1068.1,1275.2,14.996,1068,1275,15.074,17.185
424.3,1360.8,22.409,423.75,1361.2,22.549,36.878
577.01,1380.2,8.2504,576.71,1379.9,8.1057,31.081
337.43,1209.9,11.118,336.98,1210,11.098,18.436
613.64,410,9.1746,613.49,410.14,9.0176,29.456
1466.6,1810.3,14.382,1466.2,1810.3,14.457,22.396
1257.9,576.56,14.733,1257.6,576.25,14.86,29.488
1493.9,1516.4,9.1945,1493.6,1516.2,9.1523,15.965
1398.5,841.85,15.944,1398.2,841.64,15.949,12.337
727.45,728.54,12.455,727.46,728.59,12.641,33.486
1377.9,931.99,25.281,1377.3,931.96,25.24,24.635
172.59,592.18,22.88,172.89,592.18,23.075,37.154
1628.4,414.98,14.91,1628.1,415.19,14.895,14.941
140.69,637.88,9.1666,138.43,639.89,9.7424,158.64
785.21,693.76,5.4998,785.04,693.64,5.3953,20.646
941.08,343.39,5.908,941.42,343.94,6.0337,34.113
1070.9,784.32,9.982,1070.9,784.06,9.872,22.229
466.1,1314.2,18.232,466.02,1314.2,18.25,4.4759
692.31,560.36,21.434,692.07,560.49,21.461,11.683
364.77,1102.8,11.286,364.88,1102.8,11.199,16.341
1047.5,530.14,6.7181,1047.3,530.73,6.6675,26.355
1199.1,961.3,15.166,1198.9,960.99,15.152,14.299
650.53,389.86,9.4148,647.92,392.04,11.256,357.84
1136.5,1087.4,12.407,1136.1,1087.1,12.387,23.953
1473.9,1587.2,8.1158,1473.5,1586.8,7.917,40.967
1303.5,226.71,14.182,1303.4,226.85,14.19,6.1919
644.7,1080.4,14.557,644.79,1080.4,14.511,9.0324
583.37,1252,17.112,583.29,1251.9,17.237,22.945
1445.7,556.01,15.021,1445,555.76,15.037,30.013
931.1,430.93,11.235,930.95,431.1,11.349,22.471
1238.7,300.02,6.6021,1238.4,300.22,6.6223,14.211
368.17,1123.3,12.735,367.97,1123.4,12.741,9.7388
344.77,1037.1,17.257,345.02,1037.4,17.477,42.089
930.83,824.81,17.359,930.52,824.84,17.268,20.563
1213,1116.9,5.3753,1212.5,1116.9,5.2587,28.7
1510.5,460,5.861,1510.2,459.92,5.9824,24.978
774.26,973.43,13.495,774.35,972.9,13.385,29.259
912.13,182.32,7.3756,911.9,182.51,7.3028,17.689
419.5,1405.5,5.6033,419.57,1405.8,5.6446,13.636
1022.3,477.77,26.807,1022.4,477.43,25.928,158.89
1006.8,984.74,13.855,1006.4,984.48,13.63,43.498
1488.9,862.53,9.889,1488.8,862.49,9.8021,15.985
884.02,1313.2,14.065,883.83,1313.3,14.082,8.169
351.6,397.54,16.129,351.77,397.51,16.234,20.08
1288.3,725.89,10.191,1287.9,725.94,10.194,18.099
595.64,1758.7,16.505,595.03,1758.1,16.623,41.791
597.86,1379.2,24.59,598.27,1379.5,24.698,27.412
919.93,150.27,5.5586,919.72,150.31,5.6019,11.542
1518.6,667.51,6.944,1517.9,667.6,7.1165,43.969
1198.6,1863.9,6.1656,1198.4,1863.9,6.1553,7.0057
1702.2,426.57,17.928,1701.8,426.25,18.229,58.39
530.09,227.08,5.3361,529.94,227.18,5.3026,9.3208
1118.4,599.34,8.5182,1118.1,599.55,8.5425,14.125
300.44,1170.6,11.657,300.42,1170.6,11.626,5.7578
1136,205.92,14.814,1135.6,206.19,14.822,16.871
943.39,370.46,12.041,942.93,370.92,11.767,55.684
1470.8,1619.8,7.5428,1470.6,1619.7,7.4576,17.053
471.03,928.6,14.449,470.83,928.5,14.6,28.558
1074.2,635.1,24.63,1073.8,635.2,24.7,18.495
627.18,601.15,5.0136,626.9,601.24,5.113,21.517
410.41,1577.9,10.245,410.23,1577.9,10.353,20.81
429.98,1046.2,5.6585,429.99,1046.1,5.7674,20.318
459.98,913.13,16.973,459.78,913.16,17.072,19.499
1790.5,1132.7,9.0718,1789.7,1132.6,9.0956,30.244
812.09,792.07,8.8057,812.04,791.92,8.9608,28.629
1487.2,888.75,6.8065,1486.8,888.79,6.784,19.268
1001.5,1296.2,5.1524,1001.1,1296.2,5.2397,23.083
979.7,446.12,13.602,979.59,446.37,14,72.414
336.7,99.084,12.573,336.47,98.938,12.752,33.956
899.44,292.43,15.898,899.15,292.35,15.868,13.215
1443,855.33,21.446,1442.9,855.51,21.41,10.348
423.14,1314.9,20.266,422.49,1315.4,20.192,36.062
561.29,516.22,13.044,561.04,516.21,12.747,54.499
693.27,1742.9,14.583,693.18,1742.6,14.543,13.503
606.21,407.9,14.285,605.88,408.34,14.608,62.113
930.66,304.22,10.312,930.05,304.19,10.538,47.366
427.64,1158,15.257,427.3,1158.2,15.468,41.646
789.69,796.68,18.057,789.56,796.65,18.127,13.72
563.76,3.4043,14.497,563.38,3.8911,14.808,61.177
1151.5,187.69,5.5868,1151.4,188.23,5.6031,22.286
557.64,871.12,12.037,557.42,871.21,12.117,17.106
809.54,1514.1,12.36,809.64,1514.1,12.348,4.4978
1788.2,754.78,8.8804,1787.5,754.61,9.0372,42.279
1474.7,1701.3,23.114,1474,1701.1,23.044,30.042
1138,363.15,13.477,1137.8,363.94,13.435,32.843
555.94,1752.5,16.949,555.77,1752.4,17.098,28.684
511.27,977.78,17.312,511.29,977.46,17.466,30.414
1802.6,1224.8,5.3219,1802.1,1224.6,5.2383,25.214
1402.6,752.36,12.716,1402.3,752.52,12.876,30.856
1282.9,1157.8,5.8813,1282.6,1157.6,5.9805,22.271
1528.5,1724.7,12.988,1528.6,1724.4,13.029,16.07
732.98,1367.2,7.2477,732.91,1366.9,7.3078,16.97
1222.6,460.1,9.9341,1222.3,460.25,10.016,19.384
1338.3,1734.2,10.719,1338.2,1733.8,10.726,16.616
269.62,106.32,10.132,269.31,106.65,9.925,41.449
1120.8,1179.3,23.7,1120.5,1179.5,23.569,27.266
396.1,763.25,7.6638,395.71,763.13,7.7973,29.015
619.73,1611.5,11.426,619.71,1611.4,11.323,19.39
147.66,1034,8.2639,147.31,1034.3,8.3719,27.408
632.49,423.75,12.807,631.66,423.66,13.053,55.195
1434,1736.2,22.187,1433.8,1735.9,22.249,18.123
1075.5,460.91,14.722,1075.2,461.06,14.626,21.763
1456.2,556.51,15.171,1455.9,556.84,15.241,21.8
1805.7,866.88,12.553,1805,866.84,12.727,41.902
529.42,741.77,9.4206,529.03,742.31,9.4008,26.638
1268.6,525.07,7.7221,1268.2,525.38,7.7584,21.888
186.21,1048.2,10.56,186.29,1048.6,10.846,53.802
1435.7,1024.9,9.1085,1435,1024.8,8.9703,36.303
1386.3,29.642,7.9048,1385.5,29.627,7.9116,33.984
1204.6,1884.8,9.0152,1204.3,1884.9,9.1227,24.796
1358.5,180.86,17.455,1358.2,180.8,17.453,14.904
1514.4,218.61,9.2341,1513.9,218.63,9.3445,28.357
678.01,788.75,14.534,678.36,788.7,14.666,27.431
159.59,138.31,11.402,159.48,138.21,11.463,12.674
481.49,1512,11.31,481.77,1511.7,11.317,16.848
659.52,106.7,25.124,659.21,106.68,25.08,14.809
323.47,545.1,15.097,323.39,545.13,15.343,44.512
1588.7,1381.7,22.288,1588.1,1381.9,22.557,53.64
1274.2,649.58,4.8919,1274,649.49,4.8719,8.3367
1588.9,1676,25.814,1588.8,1675.6,25.362,83.199
1477.1,1422.6,21.806,1476.9,1422.5,21.929,23.91
353.11,1857,10.249,352.74,1856.8,10.228,17.535
749.75,1385.2,9.3202,749.42,1385.2,9.1711,30.073
516.39,937.72,12.838,516.24,938,12.907,17.711
1161.7,1102.6,18.897,1161.6,1102.6,19.114,39.11
414.5,936.74,5.7332,414.25,936.97,5.8612,26.702
1019.8,287.19,8.3292,1019.5,287.46,8.4034,20.38
774.36,520.6,14.846,774.01,520.48,15.048,39.19
1258.4,471.74,5.3304,1257.9,471.55,5.4209,27.322
167.97,9.0967,11.447,167.82,9.2315,11.492,11.472
140.96,1082.8,8.7456,140.71,1082.7,8.8994,29.771
214.34,549.51,24.18,214.29,549.62,24.286,19.604
752.93,121.94,7.4643,752.73,121.92,7.4928,9.5981
1115.5,178.39,5.18,1115.1,178.68,5.0957,25.103
147.85,664.55,9.7852,147.77,664.88,9.907,25.649
273.99,1651.5,7.3207,273.82,1651.2,7.3214,13.651
1151.6,1240.6,17.74,1151.2,1240.3,17.965,43.837
1461.3,295.61,16.226,1461.3,295.74,16.364,25.366
873.13,543.93,20.367,872.99,544.1,20.544,33.057
212.3,1356,19.611,212.01,1355.8,19.848,44.879
1099.1,1060.1,16.429,1098.8,1060.4,16.692,50.133
1090.6,164.97,6.7337,1090.4,165.16,6.7708,13.051
936.38,526.87,9.9457,936.2,527.73,10.039,38.504
1452.3,1586.9,10.104,1452.1,1586.5,10.287,37.346
305,697.08,21.057,305.22,697.07,21.278,40.7
1125,140.9,6.8896,1124.5,141.25,6.9965,30.641
598.91,1786.7,17.257,599.24,1786.4,17.137,28.623
1608.9,226.2,13.275,1608.4,226.16,13.243,19.858
303.22,128.63,11.349,303.26,128.62,11.333,3.4742
429.18,1082,17.345,429.4,1081.9,17.496,29.22
262.1,1352.5,13.032,262.18,1352.3,13.109,15.983
1343.3,772.44,13.387,1342.8,772.3,13.309,24.367
695.54,1674.6,5.3084,695.57,1674.2,5.3256,14.579
359.3,651.47,24.139,359.22,651.16,24.326,35.888
266.22,1033.7,13.857,265.77,1033.8,13.886,18.928
304.59,94.361,6.9526,304.57,94.355,6.768,33.239
894.24,1023.2,5.8814,894.72,1022.9,5.8606,22.466
1569.9,1798.5,6.7176,1569,1797.7,6.9199,58.988
240.24,1504,10.455,240.15,1503.8,10.468,7.4575
444.43,1312.4,13.699,444.4,1312.4,13.685,3.1018
684.24,442.79,6.0778,684.09,442.8,5.9986,15.423
1569.3,998.88,20.182,1569.1,998.7,20.416,43.529
1485.9,1736.7,13.872,1485.6,1736.1,13.569,62.398
1275.9,1224.9,10.027,1275.4,1224.8,10,23.352
1625.4,264.53,8.636,1625,264.72,8.6253,17.755
831.4,1450.9,6.6016,831.41,1450.9,6.7365,24.303
408.56,717.7,26.794,408.88,717.61,25.999,143.71
563.63,1881.7,9.4035,563.91,1881.3,9.4117,18.72
33.895,90.431,17.155,33.875,90.678,17.251,19.985
1384.1,1697.9,10.609,1383.5,1697.5,10.636,25.219
1199.6,590.47,18.883,1199.6,590.33,18.851,8.2533
1604.1,1643.9,10.483,1603.8,1643.5,10.679,39.609
929.5,43.443,7.9841,929.12,43.413,7.7517,44.507
854.7,995.6,15.297,854.62,995.59,15.354,10.822
188.27,1715.4,5.6415,188.39,1715.4,5.7588,21.635
1703.5,1873.2,6.0216,1703.2,1873,6.1257,21.741
1435.7,692.78,9.6617,1436,693.21,10.417,137.4
234.75,1384.8,12.311,234.8,1384.6,12.307,9.2182
1557,1503.6,14.379,1556.8,1503.4,14.437,13.544
456.76,657.06,24.998,456.52,656.84,25.129,26.817
713.22,1440.2,7.9475,713.33,1440,7.9777,10.176
917.53,1668.5,6.0971,917.29,1668.2,6.2056,23.397
978.69,902.72,18.651,978.47,902.83,18.828,33.529
261.6,117.63,9.8915,261.26,117.56,10.022,27.312
1071.1,1871.2,12.953,1070.9,1871.3,13.047,20.143
51.603,1765.8,10.913,51.953,1765.7,10.937,15.168
709.75,343.14,7.9295,710.02,343.41,7.8608,19.617
602.43,1657.2,10.135,602.41,1657.2,10.192,10.29
284.3,1511.9,6.611,284.43,1511.8,6.477,25.192
1890.5,383.11,5.7175,1889.8,382.99,5.8004,29.363
1791.2,1801.8,26.796,1791,1801.2,25.787,183.51
920.7,849.59,20.933,920.66,849.63,21.048,20.731
342.07,820.78,14.476,342.34,820.51,14.491,15.416
262.6,2.15,7.5637,262.06,2.4656,7.9277,70.118
545.43,1803.1,22.29,545.22,1803.3,22.476,35.241
480.84,137.32,11.902,480.56,137.44,12.051,29.449
551.04,451.82,7.577,550.89,452.04,7.7819,38.442
486.04,1243,13.155,486.08,1243,13.223,12.506
1526.1,1533.4,9.2994,1526,1533.2,9.2673,11.025
276.33,1606.6,8.9793,276.36,1606.5,9.1224,26.413
304.44,151.81,14.631,304.49,151.6,14.467,30.695
109.25,653.81,15.561,109.29,653.67,15.768,37.747
1839.9,682.73,10.041,1839.5,682.38,10.073,21.834
1407,1347.8,18.917,1406.6,1347.8,19.057,29.703
379.75,633.26,21.365,379.56,633.25,21.684,57.791
907.34,945.29,21.325,907.2,945.69,21.431,25.437
948.91,1638.1,10.164,948.78,1638.1,10.234,13.653
428.23,921.61,5.1039,428.17,921.61,4.8743,41.415
1272.6,560.23,17.538,1272.4,560.23,17.871,60.624
1682.2,1452.4,12.198,1681.6,1452.4,12.364,37.803
1269.6,301.31,12.076,1269.1,301.46,12.35,52.987
546.2,977.52,16.266,546.15,977.38,16.271,5.907
1885.9,750.63,13.01,1885.6,750.46,13.032,14.196
1051.2,105.74,4.3633,1050.7,105.8,4.5573,39.116
462.5,1416,14.883,462.52,1415.7,14.822,14.573
1557.8,1336.8,10.197,1557.4,1337,10.252,19.389
214.55,524.97,7.9616,214.41,525.12,8.0967,25.595
1821,1209.3,7.0692,1820.8,1209.3,7.0961,10.179
1688.3,1700.2,24.324,1687.8,1699.8,24.202,33.52
1736.4,888.33,18.647,1736,888.38,18.805,31.501
1733.4,48.593,5.7731,1732.8,48.53,5.954,40.071
1392.9,39.341,13.586,1392.3,39.195,13.806,46.378
1357.6,1694.3,11.706,1357.3,1694.2,11.808,21.263
1610.2,1330.9,18.944,1610.4,1330.8,18.787,29.434
1221.4,68.342,12.08,1221,68.374,12.284,39.43
1166.1,509.21,12.135,1165.7,509.18,12.279,30.973
461.91,227.93,12.073,462.1,227.82,12.022,12.88
148.48,601.83,22.517,148.37,601.83,22.539,6.1023
49.656,1134,20.502,49.771,1134,20.517,5.6475
590.79,1612.7,6.2738,590.48,1612.7,6.3397,17.115
1630,671.62,10.553,1629.7,671.35,10.657,25.005
439.12,1748.3,13.928,439.38,1748.1,13.965,14.232
1530.2,1545.7,21.041,1529.7,1545.5,21.256,43.85
1045.9,253.4,12.763,1045.5,253.76,12.787,22.768
1302,889.13,19.663,1301.6,888.65,19.898,49.325
177.36,1695.9,5.3798,177.26,1695.6,5.3044,17.585
1156.5,345.46,8.3401,1156.4,345.09,8.4064,19.007
565.95,1801.5,12.093,565.95,1801.3,12.032,13.565
819.55,23.245,10.335,819.16,23.631,10.233,28.57
580.8,1755.9,15.425,580.58,1755.3,15.238,41.119
1355.8,1042.4,19.319,1356.1,1041.2,18.631,133.21
1542.8,129.84,9.1374,1542.3,129.37,9.2767,35.749
890.01,1030.2,7.9387,889.66,1030.3,8.1628,42.684
272.4,1866.6,12.003,272.74,1866.3,11.973,20.557
239.11,447.82,18.032,238.91,448.22,18.028,17.865
814.74,57.142,19.218,814.24,57.481,19.511,58.027
1468.5,1349.4,19.601,1468.7,1349.3,19.685,18.02
1842.2,1011.9,16.195,1841.8,1011.8,16.462,50.236
137.67,1499.2,13.446,137.67,1499.5,13.375,17.516
1386,70.572,6.3233,1385.7,70.569,6.2584,16.604
1328.6,865.84,5.5082,1328,865.88,5.4054,28.551
88.198,1389,12.927,88.22,1388.8,12.97,13.507
358.09,476.51,10.895,358.35,476.42,11.032,27.034
1067.9,1003.4,10.792,1067.5,1003.1,10.796,18.816
1555.4,895.72,11.94,1555,895.59,12.017,20.248
1094.6,763.22,25.029,1093.9,763.7,24.985,35.243
324.28,1443,14.051,324.06,1443,14.076,10.25
1478.9,1602,6.293,1479.1,1602.1,6.1754,22.392
1551.2,437.49,12.901,1551,438,12.962,24.012
48.048,1487.7,9.1853,48,1487.6,9.2565,13.147
492.68,1546.9,15.248,492.67,1546.5,15.339,21.945
814.74,322.96,4.5596,814.09,323.05,4.95,74.956
1240.8,776.87,15.938,1240.5,776.83,16.092,30.83
1775.2,1794,11.43,1774.8,1793.7,11.339,25.927
938.19,865.53,16.621,938.54,865.79,16.618,17.171
475.87,1376.5,12.415,475.7,1376.3,12.449,10.07
1867.8,166.78,4.5666,1867.1,166.74,4.7905,47.422
1363.3,1055,17.939,1362.8,1054.3,18.055,39.302
1303.5,727.46,19.916,1303.3,727.35,20.122,38.633
929.38,122.56,19.737,929.26,122.63,19.771,8.4115
385.95,1048.6,12.945,385.91,1048.5,12.903,10.302
664.66,103.74,9.234,664.21,103.94,9.2489,19.631
1078.8,108.32,12.717,1078.4,108.54,12.743,17.587
1655.3,1597.9,16.354,1654.8,1597.7,16.163,40.894
1453.9,1282.3,10.174,1453.3,1282.4,9.9823,43.381
1244.3,1232.1,7.746,1243.7,1232,7.7117,27.024
1519.3,1490.1,7.1185,1518.6,1490.1,7.0948,26.307
628.19,52.562,8.0201,627.64,52.345,8.1995,39.852
1622.2,689.48,5.6808,1621.9,689.53,5.7388,16.172
1088.8,695.21,25.532,1088.8,695.09,25.4,24.513
202.39,1389,18.199,202.27,1388.7,18.478,51.547
1792.9,1082,6.2976,1792.7,1081.5,6.4849,39.621
1405.9,1106.3,15.102,1405.4,1106.2,15.216,28.611
1036.6,833.41,18.047,1036.3,833.58,18.086,17.444
378.74,1468.7,9.339,378.59,1468.5,9.2876,13.382
123.58,659.7,22.321,123.59,659.64,22.295,5.1543
1162.1,1898.3,8.4788,1161.4,1896.6,8.0571,105.59
361.63,259.81,10.476,361.61,259.91,10.577,18.688
1244.8,1178.4,11.128,1244.7,1178.5,11.092,7.8142
70.614,1102.9,18.797,70.22,1103,18.796,16.02
393.45,1629.9,5.7215,393.55,1629.7,5.8122,17.962
518.23,614.9,5.1931,518.05,614.49,5.3831,38.534
1654.9,172.92,6.3451,1654.4,173.34,6.2862,26.694
1588.2,191.55,7.4516,1587.8,191.74,7.4713,18.871
1602.9,1782.9,5.0578,1602.3,1782.7,5.2386,41.065
202.64,1351.6,19.935,202.55,1351.8,19.86,17.829
1554.5,1831.5,10.051,1554.5,1831.5,10.071,4.6792
222.88,584.58,13.149,222.76,584.65,12.907,43.921
1354.4,942.97,5.4315,1353.7,943.04,5.6135,42.173
1445.9,1663.9,5.8722,1445.6,1664.1,5.8108,16.963
246.61,1134.8,18.994,246.51,1134.8,19.048,10.498
898.72,13.154,13.646,898.56,12.942,13.753,21.982
1169.9,819.59,9.8973,1170,819.25,10.014,25.325
1075.1,624.84,25.293,1074.4,625.04,24.973,64.09
1036.4,1560.5,16.032,1035.6,1560.5,16.33,63.756
437.92,1277.2,9.0119,437.36,1277.2,9.0299,22.56
539.54,82.103,4.9462,539.26,82.312,5.0074,17.679
1854,134.78,5.0415,1852.9,135.23,5.2196,58.703
1551.9,108.64,13.437,1551.1,108.83,13.539,38.473
45.776,745.15,13.325,45.664,745.06,13.246,15.247
1387.5,1540.5,5.2677,1387.2,1540.7,5.1758,20.661
1464.9,695.29,12.037,1465.8,695.1,12.117,36.861
202.13,109.87,8.8769,202.23,110.19,8.7096,32.989
1810.6,1358.3,8.5667,1810.1,1358,8.6684,26.405
244.51,1249.2,19.727,244.07,1248.9,19.809,27.402
289.88,1655.7,8.172,290.01,1655.3,8.4009,44.001
1600.7,804.1,8.7065,1600.1,803.71,8.5392,41.23
1846.5,471.31,13.328,1846.1,471.11,13.461,29.466
1031.9,470.16,19.425,1032.1,469.97,19.459,12.494
1463.6,1565.5,16.091,1462.9,1565.6,16.361,57.252
1859.7,465.22,10.038,1859.7,464.76,9.9286,27.035
136.88,783.46,16.307,136.76,783.46,16.481,31.826
1831.1,833.89,8.2715,1830.8,833.62,8.4073,29.378
1151.8,870.57,17.047,1151.9,870.39,17.128,16.447
704.61,677.02,7.231,704.45,676.97,7.41,32.866
497.75,242.57,14.576,497.92,242.85,14.664,20.455
1605.5,1617.2,12.213,1605.3,1616.9,12.048,33.464
1745.2,1519.9,9.4917,1744.8,1519.8,9.4804,17.324
1309.7,1309.4,6.5862,1309.2,1309.4,6.691,27.432
571.65,428.24,11.294,571.43,428.64,11.233,21.124
813.78,1536.3,12.987,813.49,1536.3,13.131,28.336
1469.8,1615.6,24.58,1469.6,1615.7,24.858,50.639
852.12,287.84,7.779,851.95,286.64,7.7554,48.182
1740.2,1487.9,5.7229,1739.4,1487,5.768,49.697
360.84,175.44,5.2112,360.51,175.45,5.3144,22.745
1174.5,967.54,12.734,1174.1,967.58,12.472,49.272
848.98,333.51,11.911,848.55,333.62,12.129,43.059
1772.2,1125.6,11.883,1771.9,1125.4,12.158,51.84
1432.7,19.047,5.1341,1432.2,18.987,5.1809,20.902
1752.8,1824.4,26.593,1752.6,1824.2,25.813,140.84
1294.6,189.96,12.818,1294.1,190.01,12.704,27.977
1415.3,1793.3,10.595,1415.1,1793.1,10.715,23.806
1782.9,58.252,10.576,1782.2,58.608,10.802,52.633
1071,919.05,20.136,1070.9,919.09,20.444,56.045
1035.5,235.05,13.823,1035,235.02,14.158,62.884
857.81,1447.2,8.171,857.65,1447.9,8.2015,27.406
1364.7,1757.3,15.165,1364.5,1757.1,15.431,48.843
1212.3,161.71,17.272,1211.6,162.16,16.921,71.722
915.71,362.43,18.792,915.46,362.02,18.851,21.729
365.98,445.46,14.979,366.07,445.37,15.127,27.047
891.71,314.2,8.8763,891.61,314.72,8.782,26.999
40.14,690.13,7.6557,39.978,690.42,7.7832,26.534
1182.8,1295.4,7.8722,1182.5,1295.2,7.944,17.864
1131.1,497.31,22.076,1130.7,497.38,22.039,17.239
314.73,1027.5,7.5095,313.86,1027.4,7.4818,35.339
263.13,1688.8,5.5074,262.66,1688.5,5.7989,56.601
1844.2,215.45,12.002,1843.5,215.16,12.069,33.218
722.11,853.71,13.633,721.42,853.29,13.667,32.628
1740.3,1782.4,5.1161,1739.9,1782.3,4.9446,35.737
1774.2,435.64,7.3243,1773.6,435.43,7.3144,23.802
593.21,938.93,9.5958,593.08,938.96,9.5197,14.758
1788.6,321.73,16.703,1788,321.85,16.684,24.612
1097.6,1367.9,6.4817,1097.7,1366.2,6.4959,67.097
10.518,1653.5,20.098,10.346,1653.8,20.033,18.716
1204.4,176.5,9.9675,1203.8,176.83,9.9787,27.232
1125.9,1326.8,6.9478,1126.1,1326.9,6.7412,38.158
208.06,616.37,25.667,208,616.46,25.496,30.985
23.614,654.76,5.6577,23.288,654.6,5.5887,19.113
1056.2,543.92,24.386,1056,543.89,24.284,20.507
548.21,865.82,18.344,547.66,866.28,18.291,29.934
939.51,917.06,21.099,938.84,917.1,21.107,26.776
323.32,1593.3,5.9862,323.95,1593.3,6.2556,54.503
262.64,154.61,14.892,262.14,154.06,15.1,47.537
1805.6,1190.1,6.9927,1805.1,1189.9,7.0954,26.364
533.9,982.51,17.193,533.81,982.67,17.228,9.4538
41.919,646.29,5.8532,41.925,645.96,6.204,64.506
257.03,1862.7,12.869,256.64,1862.9,13.018,31.423
405.97,1586.3,14.335,405.52,1586.3,14.711,70.083
1838.5,448.56,7.9906,1838.3,448.95,8.0781,23.835
1461.8,476.8,7.8501,1461.3,477.15,8.0411,42.724
1719.2,900.85,20.659,1718.9,900.43,20.685,21.46
1478.2,1716.6,14.949,1477.3,1716.5,15.3,71.896
645.03,288.58,12.715,645.07,288.26,12.744,13.603
1103.9,1109.8,17.961,1104,1110,17.948,11.323
1696.9,294.39,10.262,1696.8,294.48,10.367,19.938
455.48,703.31,6.0282,455.33,702.87,6.1474,28.291
1332.6,649.27,8.873,1332.2,648.91,8.561,60.255
732.74,524.57,14.675,732.27,524.71,14.648,20.296
1044.5,401.14,24.783,1044,401.61,24.914,38.314
283.11,1135.2,8.1386,286.61,1134.9,6.7373,288.19
1596.7,199.84,7.3947,1596.1,199.87,7.4629,27.317
62.867,662.14,6.6235,62.489,662.35,6.7757,32.318
1235.1,1663.7,16.828,1234.3,1663.3,16.904,35.818
1425.9,757.18,22.186,1425.7,756.99,22.187,10.552
1554.5,146.02,10.162,1554.1,146.87,10.39,55.533
1065.5,237.11,10.174,1065.5,236.92,10.468,53.582
40.795,1466,7.4736,40.851,1465.8,7.5134,11.111
1103.9,82.418,7.054,1103.5,82.675,7.2186,35.605
1127.8,132.16,15.501,1127.2,132.67,15.441,34.203
909.3,42.167,4.8451,908.8,42.17,4.5801,51.689
1698.5,507.57,8.9249,1698,507.8,8.9496,20.114
180.15,146.66,12.351,179.68,146.77,12.692,64.315
786.56,1836.6,6.0066,786.56,1836.5,6.3749,66.515
473.96,968.77,4.8748,473.48,968.75,4.8883,19.336
1636.4,837.91,5.9613,1636.2,837.28,6.1543,43.263
323.82,874.62,4.8159,323.83,874.09,5.0939,54.286
267.06,1435.8,6.9549,267.21,1435.4,6.7746,36.451
1483.9,1515.4,15.912,1484.2,1515.5,15.995,17.924
464.9,952.77,18.292,464.62,953.15,18.67,70.615
1037.8,180.42,21.154,1037.5,180.93,21.394,49.541
914.65,1710.7,9.6944,914.56,1711,9.858,33.031
727.24,460.92,5.7711,727.03,460.84,5.8791,21.411
1156.6,27.183,9.1832,1156,27.313,9.1159,29.286
1780.4,1829.9,14.881,1780.1,1829.7,15.036,32.228
220.71,1739.6,6.8875,220.65,1739.4,6.93,11.604
1093.6,603.71,24.735,1093.4,603.34,24.613,27.787
449.75,1802,8.3259,449.45,1801.9,8.4427,24.821
1884.4,159.52,4.4259,1883.7,159.67,4.7087,58.067
911.49,196.01,12.786,911.27,196.5,12.774,21.343
1772.5,1883.4,20.45,1772.3,1883.2,20.709,47.61
1297.7,955.72,11.872,1297.1,956.14,11.935,30.105
1268.2,107.95,10.429,1267.9,108.03,10.876,81.464
1672.9,85.843,9.9618,1672.6,85.937,10.16,38.1
1228.2,218.45,26.148,1228.4,218.78,25.603,99.247
1213.6,603.65,18.061,1213.5,603.48,18.284,40.91
1206.9,333.96,5.4626,1206.9,333.75,5.5785,22.664
682.72,375.29,9.2945,682.96,375.4,9.3077,11.034
736.58,1841.7,9.7694,736.26,1841.7,9.8073,14.758
1188.5,202.97,9.1083,1187.9,203.2,9.1192,25.954
1208.9,817.09,8.4639,1208.3,816.95,8.2202,49.629
197.11,18.108,8.2349,196.85,18.111,8.0699,31.429
1488.8,105.67,6.8471,1488.5,105.78,7.0315,36.759
761.9,388.78,15.102,761.6,388.67,15.278,34.046
436.95,1148.3,16.571,436.54,1148.2,16.852,53.646
570.28,612.88,21.11,570.81,612.76,20.905,42.99
1740,381.06,20.278,1740.1,380.99,20.298,7.1374
1836.3,109.99,8.3387,1836.1,109.63,8.1883,31.221
1794.3,1828.9,11.862,1793.7,1828.9,11.775,29.318
950.11,1576,6.8827,947.41,1575.2,7.095,117.67
185.7,2.1683,9.8803,185.56,2.5928,10.352,86.816
1106.2,120.24,21.423,1106.1,120.44,21.562,27.18
1621,1632.6,11.808,1620.6,1632,11.665,37.962
21.273,1818.9,11.593,21.039,1818.7,11.446,28.476
1234.2,1510.3,9.4625,1233.8,1510.3,9.3383,27.208
417.31,42.096,10.126,417.08,42.027,10.621,89.595
1453.2,934.97,22.244,1452.9,934.98,22.346,22.791
221.23,1722.4,7.7864,221.17,1721.9,7.8515,22.731
603.3,1898,15.847,603.52,1896.4,15.283,121.3
223.45,655.63,10.126,223.44,655.25,10.169,16.831
971.05,1733.6,9.7017,970.89,1733.9,9.5675,26.984
1379.7,857.57,5.0266,1379.4,857.33,4.9286,22.97
1867,190.89,4.9315,1866.3,190.75,4.9087,30.043
1319.9,1683.3,11.24,1319.7,1683.4,11.3,12.646
1647.4,23.809,12.832,1647.2,24.085,12.989,31.955
1143,222.06,14.288,1142.1,222.2,14.366,38.543
1861.2,341.71,22.964,1860.4,341.57,23.331,72.809
778.47,529.18,16.142,778.07,529.24,16.367,43.625
267.74,1179.9,17.705,267.78,1179.8,17.924,39.698
779.51,379.07,6.5843,778.9,378.56,6.9929,80.006
1726.5,1653.3,7.3283,1725.7,1652.8,7.5241,51.059
1157.4,133.96,4.7044,1156.5,134.46,5.0226,70.308
138.11,1539,13.01,137.99,1539.1,13.114,19.643
1785.4,208.53,15.509,1785.2,208.51,15.708,37.478
1346.5,450.8,21.921,1346.1,450.57,22.184,50.646
1891.4,198.3,4.4018,1890.8,198.43,4.4825,26.012
280.84,1505.7,23.084,280.8,1505.7,23.289,36.891
233.56,1194,17.203,233.58,1193.7,17.385,34.409
843.16,65.952,16.16,842.23,66.348,16.454,66.365
234.53,349.46,4.8888,234.38,349.85,5.0534,33.78
193.45,117.79,6.8062,193,117.61,7.0713,51.371
1876.8,797.67,5.5074,1876.5,797.46,5.3869,26.794
10.993,977.65,7.7808,10.534,977.1,8.0998,64.103
1027.2,141.32,20.119,1027,141.56,20.378,47.976
852.31,774.24,19.913,852.26,774.03,19.993,16.836
955.75,1659.6,8.498,955.32,1659.9,8.7289,45.832
195.08,398.33,16.38,194.9,397.91,16.805,78.506
1177.1,541.97,5.4258,1177,542.08,5.5191,17.677
1457,1595.3,6.8358,1456.7,1595.4,6.9141,18.568
33.282,734.02,10.978,32.406,733.92,11.434,89.143
1267.2,543.18,14.818,1267.1,543.44,14.691,25.885
570.77,1033,14.457,570.76,1032.6,14.484,15.003
1506.4,1512.4,13.958,1505.9,1512.2,14.097,33.114
1230.8,648.33,8.1216,1230.5,648.7,8.2848,36.048
1404.8,1771.5,10.926,1404.4,1771.5,10.842,22.059
724.35,888.81,13.437,724.22,888.71,13.581,26.679
757.24,1518.6,14.043,757.39,1518.3,14.128,20.92
872.97,23.324,17.483,873.13,23.776,17.617,30.72
1164.5,92.949,13.099,1164.4,93.104,12.969,24.146
916.32,1843,18.186,915.96,1843.6,18.42,50.972
1085.2,1191.4,10.865,1084.9,1191.6,11.14,52.001
1288.5,1171.1,8.6646,1287.7,1170.5,8.8286,50.117
1102,982.61,9.3622,1101.4,982.54,9.2783,30.498
169.38,28.753,10.25,168.82,28.884,10.347,28.848
23.663,1522.2,5.6253,23.322,1522.3,5.9631,62.437
1287,613.01,15.568,1286.8,612.9,15.718,28.066
190.05,66.687,5.4236,190.02,66.412,5.4675,13.497
362.81,1080.8,16.51,363.29,1081.9,16.753,64.658
182.29,757.76,12.953,182,757.94,13.104,30.268
1842.8,430.63,4.7074,1841.8,430.65,4.9469,56.892
192.73,1304.8,15.843,192.8,1305.5,15.866,28.95
11.897,323.42,9.6088,11.419,323.15,9.5794,22.417
75.95,468.66,8.1469,75.712,468.88,8.3622,40.876
50.09,844.15,20.383,50.397,843.98,20.735,64.78
1048.6,1019.2,9.526,1048.6,1019.4,9.5678,12.228
908.72,114.09,9.9165,908.11,113.94,10.317,76.281
1759.4,1777.3,8.4027,1759.1,1777.3,8.6214,40.763
401.36,1152,13.62,401.59,1152,13.882,47.934
1475.2,1524.7,7.007,1474.9,1524.3,7.4473,82.146
388.05,461.7,13.057,387.65,461.33,13.237,38.888
1129.9,175.68,6.4498,1129.4,176.03,6.5839,35.645
1814.1,424.85,17.467,1813.8,424.56,17.725,49.217
70.845,462.98,5.4525,70.207,463.34,5.9659,96.908
215.56,372.21,7.9984,215.6,371.78,8.1022,25.362
1803,682.39,5.1553,1802.5,683.55,5.1184,50.545
606.77,1595.1,5.1815,607,1595.1,5.2683,18.404
993.45,66.191,13.773,993.01,66.436,13.779,20.114
1450.4,1604.6,8.4961,1450.3,1604.2,8.7154,43.213
1834.2,1837.8,18.82,1833.6,1837.3,18.953,38.97
709.18,1860.5,10.059,709.27,1860.6,9.9658,17.307
32.953,1828.8,9.6971,33.042,1828.5,9.6672,12.534
1566,1404.7,8.5799,1565.8,1404.1,8.6592,29.572
1182.5,98.659,14.692,1182.1,99.366,14.913,52.242
1606.9,207.01,13.933,1606.4,207.07,13.763,36.423
1261.3,553.53,15.192,1261.3,553.83,16.132,169.62
1187.1,1523.1,13.171,1186.6,1523.1,13.148,21.666
1322.2,1090.3,8.4523,1320.9,1091.7,8.3627,73.823
621.06,683.83,18.584,621.7,683.55,18.771,43.632
362.26,1486.8,8.0188,361.27,1487,8.2076,52.397
268.42,452.23,9.9814,268.12,452.44,10.11,27.258
1101.4,1509.7,9.8609,1102.3,1509.2,10.176,71.173
374.46,471.13,11.631,374.09,471.74,11.642,28.263
697.05,1368.1,20.941,696.85,1368.7,20.972,26.194
1000.2,934.48,7.2137,999.59,933.87,7.0355,47.34
1101.8,948.94,8.0481,1101.5,948.78,8.2243,34.54
744.55,1003.9,19.65,744.65,1003.9,19.574,14.313
1250.6,862.37,6.4937,1250.1,862.46,6.4639,19.876
683.26,882.87,6.07,683.14,882.85,6.0743,4.7761
1075.9,1397.8,5.605,1075.7,1397.9,5.6225,8.6891
1436.8,945.32,10.062,1436,945.65,10.177,42.965
1240.9,1252.7,9.8558,1240.7,1252.6,9.8726,10.635
129.8,968.48,12.404,130.31,967.63,12.623,55.401
1523.1,1143.2,21.687,1522.8,1143.2,21.74,14.66
955.68,1518.5,5.9442,955.58,1518.3,5.9318,7.6996
1570.4,1117.8,20.186,1570,1117.9,20.059,29.289
305.63,417.02,17.228,305.57,417.46,17.124,25.785
310.87,1393.7,4.8696,311,1393.6,4.8253,10.112
129.32,216.34,9.2605,129.12,216.65,9.4506,37.209
474.79,141.39,13.147,474.51,141.56,13.006,28.489
448.44,1119.2,5.5378,448.48,1119.2,5.62,14.946
631.15,280.08,19.437,630.8,280.58,19.574,34.478
1581.3,689.67,9.3356,1581.1,690.01,9.5166,35.846
1487.3,1426.5,11.314,1486.9,1426.1,11.14,38.319
1248.2,1435.4,7.8238,1248.2,1435.4,7.7835,7.3486
1450.6,1316.9,13.985,1450.2,1316.2,13.982,30.095
1528.4,1871.6,17.673,1528,1871.8,17.807,29.4
160.49,1504.7,7.8703,160.46,1504.7,7.9863,21.076
862.05,1341.5,10.253,861.79,1341.5,9.9422,56.987
824.2,543.47,9.1381,823.73,543.62,9.1422,19.566
776.79,1410.8,14.788,776.56,1410.9,14.641,28.151
1370.1,895.04,9.1814,1369.7,895.25,9.2452,20.765
1045.4,867.55,7.1583,1044.9,867.29,7.2333,24.658
1196.3,1805.5,6.5577,1196,1805.5,6.5312,11.335
473.49,1610.7,9.4513,473.26,1610.8,9.6318,34.244
1536.5,1274,23.213,1536.2,1273.7,23.345,28.778
873.57,481.31,10.889,873.17,481.64,10.934,22.151
872.2,1222,6.5554,872.16,1222,6.5216,6.9991
388.81,478.1,19.674,388.81,477.94,19.547,23.716
617.27,1061.2,17.461,616.9,1061.3,17.538,20.635
399.47,998.34,12.093,399.9,998.42,12.107,17.609
1088.2,187.28,16.338,1088.1,187.1,16.461,23.738
1714,676.03,18.212,1713.5,675.73,18.247,24.028
790.11,1471.9,10.293,789.94,1471.6,10.506,41.08
1418.7,545.43,7.215,1418.7,545.68,7.2463,11.388
955.75,162.1,14.673,955.35,162.34,14.691,18.993
1703.7,614.78,12.207,1703.7,614.84,12.141,12.537
894,1841,6.4462,893.91,1840.6,6.4251,16.44
919.05,782.32,7.3432,918.88,782.18,7.4002,13.555
1247,895.83,16.486,1246.6,895.77,16.394,21.526
693.71,470.62,15.119,693.47,471.22,15.005,32.938
849.52,868.76,13.471,849.47,868.62,13.552,15.683
1042.7,915.22,7.4778,1042.3,915.32,7.5744,21.963
1463.9,1507.3,14.146,1463.6,1507.2,14.182,14.929
1260.1,1109.5,7.5912,1259.8,1109.5,7.625,13.753
1175.8,981.29,9.1364,1175.5,981.53,9.1986,18.923
1158.8,1542.6,15.061,1158.4,1542.5,15.06,17.063
1275.6,1764.1,13.35,1275.3,1764.3,13.372,15.548
268.22,1440,10.009,268.41,1439.9,10.009,8.7855
817.29,1626.1,6.4202,817.14,1625.9,6.253,31.302
633.98,204.78,4.8193,633.67,205.05,4.9117,23.412
708.69,1196.8,5.7393,708.81,1197.2,5.9018,34.032
256.06,1144.2,19.569,255.84,1144,19.683,23.252
1389.1,1070.4,7.2376,1388.8,1070,7.0702,35.026
1374.3,1495.5,9.0632,1374.1,1495.5,9.2495,34.216
1657.5,1472.1,25.542,1657.2,1471.8,25.571,20.393
1303.2,866.58,6.3777,1302.8,866.67,6.4701,24.006
876.61,1234,12.835,876.22,1233.7,12.852,20.234
1195.4,229.8,17.42,1195.1,230.01,17.586,32.507
89.571,985,18.609,89.825,985.09,18.562,13.687
1470.6,756,22.302,1470.2,756.13,22.464,34.599
309.34,1451.1,13.044,309.33,1451.5,13.21,34.18
1230,751.91,13.221,1229.7,751.83,13.226,9.693
1606.6,931.55,5.9371,1606.1,931.94,5.9452,26.929
685.51,1271.5,16.673,685.39,1271.5,16.7,6.8647
1619.8,418.23,17.295,1619.2,418.09,17.363,27.516
1896.2,1169.2,7.8359,1896.1,1168.3,7.8934,40.3
214.79,1359.4,7.5789,214.47,1358.9,7.5754,23.568
425.6,1491.6,8.5864,425.74,1491.3,8.5395,15.514
1330.8,643.34,12.811,1329.5,643.37,12.907,55.29
105.68,1543.8,12.974,106.01,1543.8,13.016,15.432
1004.6,1770.1,10.223,1004.5,1770.2,10.136,18.422
1549.2,1724.3,11.603,1548.9,1724.2,11.548,15.021
455.63,462.26,11.471,455.02,462.32,11.472,24.151
970.5,1105.2,7.2183,970.21,1105.1,7.2274,12.868
199.43,1378.3,11.665,199.34,1378.1,11.601,15.709
1044.9,442.44,8.6925,1044.9,442.9,8.8939,40.714
1125.1,970.43,8.6188,1124.8,970.47,8.5751,14.297
504.13,1658.1,7.5794,504.52,1658,7.528,17.992
368.28,227.87,22.366,368.29,227.98,22.279,16.265
105.59,1832.6,8.5583,106.55,1832.8,8.3978,48.48
897.35,1328.6,5.6464,897.1,1328.4,5.8308,35.746
1460.9,558.52,11.7,1460.2,558.4,11.683,27.781
128.4,1255,12.628,128.45,1255.1,12.5,23.716
1429.1,1643.4,5.8522,1429,1643.8,6.1195,50.348
1185.7,452.75,6.3552,1185.5,453.08,6.2179,29.03
1566.9,1406.7,14.738,1566.4,1406.6,14.872,29.56
482.38,744.99,18.453,482.36,745.35,18.39,18.343
618.77,976.84,10.092,618.66,976.81,10.042,10.247
1196.9,1188.6,17.76,1196.8,1188.5,17.616,26.47
811.42,967.21,6.4858,811.14,967.25,6.5005,11.436
1469.4,1631.3,23.971,1468.9,1630.8,24.318,67.834
1422.7,1297.1,13.269,1422.2,1297,13.376,26.82
926.91,1041.6,5.9423,926.67,1041.6,5.8841,14.177
1522.9,487.33,8.3284,1522.4,487.4,8.3383,17.573
1839.7,427.03,11.802,1839.2,426.93,12.022,44.711
1239.6,879.57,9.0235,1239.4,879.73,9.0545,9.3904
1657.1,1410.5,27.416,1657.1,1410.2,26.712,127.31
629.8,1008.8,15.5,628.9,1009.5,15.654,51.976
932.44,466.82,5.524,932.11,467.07,5.5774,19.064
536.22,473.93,22.172,536.22,473.9,22.26,15.855
794.96,1118.9,11.508,794.87,1118.4,11.571,20.447
309.6,873.36,11.21,309.29,873.41,11.257,15.059
881.87,1760,15.982,881.48,1760,16.051,19.997
836.21,374.19,10.395,836.01,374.33,10.374,10.509
10.478,1712.3,10.278,10.56,1712.3,10.081,35.505
1344.3,1566.1,17.772,1343.7,1566,17.809,22.626
744.38,1659.8,6.2107,743.99,1660.3,6.185,25.985
91.564,1584.1,8.6978,92.295,1584,8.6154,32.756
172.67,1248.1,16.076,172.85,1248.2,15.942,25.248
698.32,1018.3,19.024,698.13,1018.4,19.298,49.858
549.54,433.14,6.9252,549.14,433.43,7.2231,57.002
1275.5,227.49,14.779,1275.1,227.76,14.758,19.716
475.37,909.61,13.338,475.27,909.47,13.49,28.133
1863.9,1552.7,15.324,1862.9,1553.3,15.713,84.106
428.77,997.58,16.598,428.91,998.07,16.673,24.149
154.76,1546.8,5.3515,154.9,1546.7,5.2988,12.039
604.19,709.08,8.6583,603.85,709.35,8.6897,18.149
976.62,392.85,9.6661,976.64,393.03,9.6035,13.237
537.64,1082.1,12.46,537.47,1082.2,12.312,27.651
378.27,1670.3,6.1761,378.41,1669.9,6.0121,32.705
485.04,1527.4,5.9421,484.81,1527.8,6.0588,28.522
320.74,1526.8,8.3705,321.14,1526.8,8.4864,26.113
1427.8,1560.2,12.253,1427.6,1560.2,12.473,40.584
1743.1,810.27,18.754,1743.2,810.01,18.846,20.319
838.08,1622.2,8.1778,837.78,1622,8.1094,18.939
8.3072,1182.4,11.253,8.2603,1182.7,11.353,20.503
1012.2,154.29,10.682,1012.4,154.44,10.618,15.872
936,479.85,13.756,935.69,479.86,13.575,34.769
721.78,1571.3,6.8976,721.84,1571.4,7.3881,88.42
1679.5,761.46,17.963,1679.4,761.47,18.099,25.343
477.93,67.03,12.8,477.93,66.963,12.676,22.486
400.77,933.99,13.387,400.87,934.25,13.374,11.285
1119.3,1205.5,13.664,1119,1205.2,13.626,19.372
989.12,923.96,12.873,989.45,923.54,12.852,21.689
1490.9,1490.4,16.45,1490.4,1490.3,16.54,27.65
578.7,670.84,4.7402,578.53,670.93,5.0721,60.247
663.98,318.84,15.547,663.83,319.2,15.661,25.808
1733,1506.2,5.1021,1732.4,1506.2,5.2208,32.012
1640.1,626.89,19.566,1639.4,626.24,19.627,40.935
1643.8,774.63,15.053,1643.4,774.53,15.064,15.604
558.64,1465.3,7.2973,558.42,1465.6,7.5038,39.417
1593,904.99,25.609,1592.8,904.94,25.582,10.18
79.185,1324.8,13.144,79.362,1324.6,13.195,14.333
1496.7,1806.8,17.315,1496.6,1806.8,17.542,41.044
1189.5,242.38,7.4582,1189.2,242.63,7.457,17.859
356.94,1421.8,5.3341,357.3,1422,5.2847,18.29
612.08,953.02,17.332,611.78,953.16,17.337,13.292
1749.1,507.83,18.309,1748.8,507.89,18.537,42.998
538.68,215.21,7.4634,538.28,215.18,7.6482,36.784
626.09,1815.5,22.488,625.91,1815.6,22.628,26.664
762.93,389.84,17.425,762.95,390.32,17.444,19.404
387.71,1000.7,14.564,387.61,1000.6,14.536,7.0383
1275.5,174.46,8.7892,1275,174.59,8.8859,27.887
466.5,561.82,9.9447,466.27,561.97,9.915,11.949
280.63,1894.6,7.8384,280.71,1894.3,7.6955,28.406
1643.3,424.23,6.1402,1643,424.46,6.1118,17.153
685.18,575.77,12.624,684.93,575.58,12.65,13.268
473.15,1676.7,6.7677,473,1676.5,6.8691,20.645
1310.5,885.6,6.5446,1310,885.34,6.6406,28.678
1872.9,1049.8,18.016,1872.6,1049.8,18.276,48.641
954.22,477.97,12.47,953.92,478.32,12.839,68.76
1215.6,447.12,16.057,1215.2,447.1,16.296,46.827
175.94,287.86,26.403,175.79,288.04,26.214,35.261
1358.9,1033.3,13.541,1358.5,1033.2,13.712,35.657
1539.7,1312.5,16.713,1539.7,1312.2,16.71,12.231
1670.7,701.89,13.364,1670.6,701.49,13.391,17.228
817.47,338.2,8.5663,817.31,338.27,8.4683,19.035
535.48,488.88,5.082,535.32,488.37,5.1778,27.13
432.32,980.72,12.438,432.22,980.82,12.518,15.568
1213.1,862.05,6.0552,1212.5,861.91,6.019,26.956
290.75,1349,19.964,290.84,1349.1,20.261,53.552
732.39,1193.9,20.557,732.32,1193.8,20.681,22.974
195.53,1571.8,8.891,195.66,1571.6,8.9751,18.187
1398.7,169.59,6.8425,1398.3,169.81,6.7946,20.626
1281.1,525.1,10.005,1281,525.5,10.01,15.965
777.5,442.42,12.473,777.25,442.45,12.271,37.703
1851.4,1152.8,15.894,1851,1152.7,15.955,21.866
1062.5,1221.3,5.8557,1061.5,1221.4,5.9141,39.554
1514.1,1240.4,12.267,1513.8,1240.3,12.452,34.653
1166.4,181.85,4.377,1165.7,182.18,4.5146,37.035
761.62,328.89,14.177,761.2,328.9,14.068,25.913
1797.3,1457,11.213,1797,1456.7,11.229,17.337
1474.4,1156.4,6.0936,1474.3,1156.2,6.1925,19.344
775.24,384.18,15.523,775.17,384.64,15.311,42.45
317.03,346.7,19.252,316.93,346.87,19.424,31.851
916.36,552.52,5.7085,915.87,552.81,5.5549,35.651
329.68,1020.3,7.4992,329.55,1020.3,7.5012,5.7462
1332.2,516.97,13.711,1331.9,516.91,13.852,28.715
666.84,554.07,25.235,666.68,554.3,25.281,14.107
692,1355.4,22.369,691.97,1355.5,22.305,12.647
1040.4,2.4422,12.15,1040,3.0169,12.082,31.28
510.97,883.12,17.84,510.51,882.8,17.858,22.497
803.57,1683.5,10.904,803.33,1683.4,10.803,21.048
338.85,246.24,11.619,338.78,246.52,11.839,41.178
803.54,72.362,8.0443,802.89,72.39,8.3396,59.123
567.43,1819,10.743,567.15,1819.4,10.862,30.123
1407.4,827.98,7.231,1406.9,827.83,7.2096,22.865
1491,132.59,8.7508,1490.5,132.48,8.5086,49.134
417.12,1256.7,5.5968,416.87,1257,5.4389,32.103
187.82,254.83,23.902,187.88,255.12,24.16,48.026
1653.8,708.27,10.573,1653.4,708.39,10.618,18.964
994.86,469.69,10.289,994.59,469.43,10.355,19.023
1532.3,757.49,21.534,1534.5,755.51,21.265,127.27
961.36,673.17,15.741,960.79,673.48,15.737,25.79
137.87,923.94,9.1478,137.64,924.02,9.3646,40.128
1488.2,1028.2,15.746,1487.9,1028.1,15.8,15.175
471.64,749.49,21.435,471.6,749.34,21.551,21.843
331.89,768.3,18.557,331.85,768.52,18.751,35.942
666.36,1408.2,19.327,666.06,1408.4,19.432,24.126
1632.6,1321.7,6.6599,1632.2,1321.4,6.7264,21.148
1891.6,677.65,19.926,1891,678.1,20.034,34.697
1583.5,1775.3,15.183,1582.4,1775.2,15.558,80.582
1878.9,1502,7.2831,1878.3,1501.6,7.4767,45.741
1518.1,1382.5,18.637,1517.9,1382.4,18.781,27.404
831.8,1456.7,8.1517,831.68,1456.6,8.1838,8.4633
1069.6,481.53,20.36,1069.1,481.43,20.346,17.939
783.58,1740.8,17.194,783.73,1740.8,17.433,43.282
1047.4,1299.7,5.6773,1047,1299.8,5.6172,21.563
1150.1,1189.3,6.4148,1149.6,1189,6.3389,26.669
910.31,652.37,12.968,910.01,652.41,13.094,25.584
1721.2,934.51,19.067,1720.8,934.17,19.323,50.727
568.23,241.66,10.071,567.7,241.89,10.233,37.056
761.44,837.26,9.522,761.52,837.55,9.5696,14.799
784.56,461.77,25.059,784.43,462.13,24.988,19.979
1284.5,1480.3,18.145,1284.3,1480.4,18.125,10.385
752.87,447.34,14.708,752.69,447.97,14.753,27.207
714.08,317.57,13.583,713.82,317.95,13.722,31.056
976.57,482.02,15.641,976.56,482.24,15.455,34.668
638.05,655.97,22.755,638.17,656.08,22.956,36.777
207.3,318.3,18.439,207.19,317.91,18.762,60.19
1494.3,24.694,10.714,1494,24.601,10.721,12.903
193.89,1549.6,9.2267,193.74,1549.6,9.2506,7.5287
431.69,1671.1,7.8255,431.56,1670.7,7.8858,18.82
818.54,1345.3,20.283,818.34,1345.4,20.538,46.671
208.32,341.68,16.487,208.03,341.84,16.575,20.517
1868.2,715.96,23.414,1868,715.8,23.617,37.675
664.53,1859.3,10.791,664.65,1858.6,10.707,31.201
1631,1645.4,27.999,1631.2,1645.1,27.019,176.83
820.29,1008.8,15.089,819.64,1008.8,15.297,45.565
1876.2,873.11,26.003,1876,872.99,26.025,11.269
1661.4,253.1,13.997,1660.9,253.42,14.262,53.319
1459.9,1690.7,14.394,1459.6,1690.3,14.214,36.845
1654.7,134.08,15.433,1653.9,133.92,15.533,38.265
1472.1,900.44,17.188,1471.9,900.74,17.166,15.805
1207.3,456.22,10.872,1206.7,456.74,11.051,45.188
1567.3,920.58,5.9134,1566.9,920.22,5.7859,30.847
1700.4,967.08,20.949,1700.2,967.04,21.146,35.877
1502.4,1221.1,16.178,1502.1,1221,16.347,32.916
692.87,998.83,8.6247,692.33,999.29,8.626,28.115
882.7,973.86,14.154,882.54,974.05,14.113,12.234
1482.8,1116.4,22.904,1482.3,1116,23.22,63.485
1069.1,514.94,13.395,1068.5,515.15,13.423,22.812
1288.6,452.86,17.582,1288.2,452.92,17.574,14.277
994.54,196.02,7.6595,993.93,196.24,7.7227,27.932
1607.8,1557.9,14.163,1607.5,1557.5,14.068,25.769
1275.2,1445.5,14.312,1274.9,1445.6,14.575,48.605
855.37,374.43,16.707,855.12,374.89,16.843,32.043
1843.7,1642.4,5.2415,1843.4,1642.3,5.1395,23.057
1033.6,492.65,23.714,1033.1,492.79,23.745,22.517
1085.8,479.56,9.1048,1085.4,479.72,9.0823,19.78
208.6,1130.6,17.44,208.64,1130.5,17.438,4.6864
1586.7,1590.8,19.961,1586.4,1590.3,20.099,31.737
1510.6,1609.2,26.183,1510.7,1609.1,26.257,13.861
1307.4,622.52,13.958,1307.1,622.6,14.183,42.116
1546.1,905.66,17.024,1546,905.75,16.931,17.673
551.08,1781.5,7.3366,551.01,1781.9,7.4717,29.244
872.75,1576.6,6.0094,872.97,1575.8,5.8342,46.703
808.19,449,5.5237,807.95,449.11,5.4241,20.803
1850.2,871.14,19.286,1850.2,870.96,19.351,13.735
497.46,1600.3,6.7233,497.41,1600.2,6.9812,46.527
736.31,564.84,5.5027,736.22,564.82,5.2388,47.628
1565.6,1704.1,18.533,1565.6,1703.7,18.742,40.282
1335.2,593.23,13.219,1335.4,593.89,13.255,27.884
1853.5,660.65,23.098,1853.1,661.08,23.19,29.062
1656.4,696.36,20.509,1655.7,696.16,21.043,99.934
721.38,201.78,7.4369,720.8,201.97,7.496,26.216
1117.6,1609.4,10.094,1117.7,1609.6,10.236,26.082
1140.5,1416.8,15.365,1141.7,1415.6,15.001,94.641
1566.3,919.17,21.779,1566.2,919.11,21.706,14.712
397.18,334.56,9.9987,396.95,334.29,10.118,25.646
1566.9,434.89,13.048,1566.5,435.08,13.228,36.773
939.41,784.18,6.7026,939.12,784.28,6.767,16.687
701.39,1895.2,9.744,701.44,1895,9.634,20.488
1521.4,1812.8,7.5987,1521,1812.4,7.7499,34.537
1663.3,1110.7,6.7135,1663,1110.6,6.7643,16.459
1614.5,1642.6,26.085,1614.4,1642.4,25.998,16.812
1886.2,870.9,9.6069,1885.9,870.63,9.6407,15.955
1670.7,309.29,15.177,1670.2,309.83,15.313,36.285
1620.6,441.01,5.324,1620.4,441.11,5.3973,15.359
954.21,533.7,6.0572,953.89,533.54,6.2309,34.359
992.43,1847.4,5.6408,992.22,1847.1,5.8358,38.117
38.45,1556.1,13.103,38.627,1556,13.338,42.926
375.08,370.46,8.6694,375.27,370.23,8.6226,14.437
780.84,699.98,10.142,780.71,699.87,10.05,17.906
1287.3,1420.1,19.133,1286.9,1419.9,19.385,49.922
1265.6,1102,9.1931,1264.9,1101.6,8.9492,53.732
901.72,439.23,7.1579,901.53,439.36,7.1245,10.912
1708.1,1110.5,4.9614,1707.7,1110.3,4.9366,20.467
1761.1,1260.7,24.861,1760.6,1260.7,24.911,22.045
567.09,678.72,6.8803,567.26,679.18,6.6093,52.529
915.38,117.95,6.5606,915.25,117.93,6.707,26.879
398.99,982.49,7.0314,399.19,982.27,7.0167,12.053
635.09,169.97,20.429,634.91,170.44,20.398,20.509
434.36,325.67,15.346,434.2,325.55,15.372,9.3494
1576.4,1378.2,7.9051,1576,1377.9,7.9258,23.027
553.04,400.06,9.9508,552.32,400.8,10.026,42.946
143.99,1590.1,9.8643,143.88,1590,9.9413,14.814
1401.7,1523.2,9.5407,1401.7,1522.8,9.9157,68.791
309.94,332.48,19.682,309.86,332.37,19.579,19.249
1599,1116.6,18.078,1598.6,1116.1,17.962,32.143
1884.4,643.67,17.849,1884.1,644.07,18.12,52.183
1552.4,1483.7,9.2932,1552.3,1483.2,9.4307,30.037
516.33,1683.7,11.083,516.23,1683.7,11.341,46.591
673.69,702.35,20.731,673.2,702.63,20.946,44.775
1075.3,551.22,5.5533,1075.3,551.44,5.7424,35.144
1521.5,1309.7,10.153,1521.1,1309.4,10.188,20.807
1679.5,1004,21.835,1679.2,1003.9,21.907,19.341
1434.7,1864.3,11.86,1434.6,1864.6,11.964,20.893
1775.6,119.53,7.7387,1775.2,119.87,7.9773,47.9
551.1,1081.9,11.225,551.41,1082.1,11.575,64.533
1021.5,588.82,8.7205,1021.8,588.47,8.8346,27.432
1482.1,946.07,12.215,1481.6,945.99,12.165,19.36
407.2,1537.6,7.8986,406.79,1537,7.934,28.034
703.35,1059.3,13.579,703.1,1059.2,13.532,14.057
1329.5,1511.2,17.63,1329.2,1511.1,17.706,19.356
1274.8,1866.5,7.1444,1274.5,1866.7,7.1492,14.854
1686.9,1735.6,5.5633,1686.4,1735,5.9293,72.562
547.53,1401.9,7.6737,547.28,1402.1,7.7136,16.395
1870.9,1493,20.415,1870.4,1493.1,20.627,42.824
960.06,229.64,11.006,959.7,229.71,10.89,25.409
1895.6,764.25,25.916,1895.4,764.17,25.685,42.393
1867.3,1186.7,14.267,1866.9,1186.4,14.337,21.633
436.07,352.64,11.864,435.87,352.85,11.962,21
632.91,1402,20.956,632.63,1402,21.285,60.191
1408.7,926.98,15.276,1408.6,926.55,15.317,19.148
1816.5,517.85,4.5023,1816.6,517.54,4.4104,20.809
1819.8,392.85,16.676,1819.5,393.01,16.693,13.731
1493.6,1385.4,7.9052,1493.2,1385.1,8.0283,29.961
1255.1,1602.8,15.098,1254.4,1602.6,15.009,33.586
1162.8,189.89,9.7716,1162.6,190.36,9.735,20.986
1647.8,174.77,13.534,1647,175.03,13.438,37.835
913.25,480.99,21.773,913.31,481.09,21.92,26.965
1818.5,1884,8.6864,1818.6,1884.5,8.7725,25.539
1413.3,1819,17.2,1412.9,1819,17.429,44.226
714.35,486.89,18.003,714.2,487.12,18.096,20.204
1108.3,920.26,9.021,1108.2,920.14,9.2414,40.515
1099.9,1827.8,12.324,1099.3,1827.8,12.301,26.71
217.13,1168.5,17.37,217.31,1168.9,17.591,43.386
1216.3,1707.7,10.789,1216,1707.2,10.808,21.13
1592.4,856.04,5.9063,1592.1,855.94,6.0103,22.366
1647.2,954.88,26.876,1646.9,954.58,26.359,94.269
1620.5,1145.1,17.921,1620.8,1145.1,18.115,36.476
1173.1,1531.7,6.7935,1172.7,1531.8,6.7716,15.954
1484.8,1499,12.888,1484.3,1498.9,12.937,20.95
899.45,637.45,12.9,899.27,638.1,13.168,55.158
1118.8,1336.8,16.381,1119,1336.2,16.58,42.341
344.03,786.88,15.722,343.64,787.16,15.731,19.049
662.12,740.31,17.651,661.95,740.37,17.609,10.322
1600.9,1711.4,5.9575,1600.4,1711.2,6.034,25.92
1681.1,1438.3,21.464,1680.9,1438.4,21.617,28.803
1300.8,918.44,18.687,1300.2,918.19,18.8,34.219
56.005,846.02,7.7979,55.6,845.8,8.0145,43.064
194.44,317.22,17.129,194.29,317.36,17.174,11.367
1705.6,748.67,22.025,1705.3,748.26,22.199,37.367
296.35,237.42,9.9174,295.88,237.44,10.092,36.561
1791.4,491.24,4.5103,1790.8,491.53,4.5867,30.275
545.89,243.37,7.5988,545.48,244.04,7.69,35.159
783.49,289.38,16.778,783.04,289.12,16.858,25.314
1367.6,942.13,12.994,1367.5,942.07,13.081,16.754
1760.8,504.19,14.091,1760.4,504.27,14.229,29.405
156.59,32.379,17.773,156.47,32.42,17.739,8.0152
313.11,1485.6,13.24,313.08,1485.6,13.266,4.8844
866.14,270.2,4.3282,865.9,270.54,4.5487,43.08
570.12,384.17,12.439,569.9,384.46,12.657,41.745
592.2,1082.3,7.7013,592.04,1082.3,7.6715,8.9328
510.92,196.67,5.4555,510.67,196.82,5.6674,39.85
1419.4,1888.6,11.588,1418.8,1888.8,11.471,32.879
1405.6,158.25,7.5638,1405.3,158.61,7.684,29.46
1174.6,35.436,5.0752,1174.4,35.73,5.1582,20.959
1510.6,1737.4,6.4023,1510.3,1737,6.4571,22.168
1134.5,287.75,8.8084,1134.3,287.82,8.8801,15.621
1394.7,1576.8,9.3425,1394.2,1576.4,9.3738,25.472
365.42,1242.4,15.479,365.42,1242.3,15.603,23.429
1178.8,1894.7,17.862,1178.7,1894.2,18.004,33.89
305.12,352.48,17.565,304.95,352.74,17.688,25.51
336.34,1587.5,6.6183,336.19,1587.2,6.6515,13.307
638.92,1855.6,23.965,639.29,1855.6,23.976,14.987
1772.1,92.159,20.53,1771.6,92.375,20.795,52.794
1696.7,174.25,4.4341,1696,174.28,4.4791,28.586
12.004,111.03,8.6735,11.811,111.39,9.0394,67.882
1270.8,1578.7,14.631,1270.6,1578.8,14.641,10.024
26.689,877.69,16.039,26.476,877.44,16.028,13.243
1224.4,1553.7,13.968,1224.3,1553.6,14.332,65.983
1559.2,260.35,4.8929,1559.2,260.36,5.0838,34.458
1659.4,378.62,5.406,1658.9,378.52,5.4668,22.439
1768.7,1892.5,12.44,1768.5,1892.3,12.637,37.854
351.28,775.85,11.538,351.19,775.95,11.363,31.87
1105.4,400.93,4.8916,1105,401.28,5.2381,65.746
773.55,508.41,18.379,773.44,508.37,18.515,24.892
950.77,673.23,10.029,950.38,673.26,9.9797,17.607
1359,431.5,9.3086,1358.9,431.12,9.5613,48.143
997.47,536.73,16.385,997.22,536.81,16.444,14.926
621.34,42.764,7.9591,621.17,43.03,7.9881,13.483
1772.8,1236.7,22.435,1772.7,1236.3,22.559,28.309
182.05,1512,9.396,181.94,1511.9,9.5036,20.706
1051.8,1337.3,5.8814,1051.5,1336.9,5.9714,25.858
1598.8,888.76,26.01,1598.1,888.57,25.578,82.82
1470.4,1346.6,23.217,1470.1,1346.2,23.326,26.989
863.5,5.3222,6.2593,863.06,5.6387,6.2312,21.982
1486.9,1842,6.7214,1486.6,1842.1,6.8389,24.729
1760.2,1369.7,13.442,1760.2,1369.7,13.934,88.499
1321.6,1540.6,11.397,1321.5,1540.4,11.593,36.22
1692,834.73,10.589,1692.3,834.62,10.873,53.162
1258,1609.5,12.241,1257.6,1609.4,11.973,50.33
1216,708.11,10.747,1215.8,707.98,10.7,10.968
519.46,1436.5,8.8769,519.3,1436.6,9.0312,28.778
709.32,1787.1,7.6105,709.24,1787.1,7.7561,26.423
1424.2,326.57,4.3233,1424,326.87,4.3849,18.255
904.33,1398.6,6.9143,904.04,1398.7,7.0092,21.158
1453.3,1463,12.49,1453,1463,12.54,13.951
410.16,1407,15.341,409.98,1406.8,15.323,10.555
624.94,1834,5.5836,624.91,1833.8,5.606,8.8836
1236.3,449.3,14.393,1236.5,449.28,14.637,44.62
1513.2,424.15,9.1426,1512.8,424.36,9.2431,27.28
1158.5,371.34,8.7244,1158.5,371.36,8.5982,22.753
1901.5,1390.8,10.602,1899.5,1390.5,10.683,83.888
1071.4,229.05,10.011,1070.9,228.77,10.155,33.861
1508,644.7,8.3811,1507.8,644.78,8.5213,27.313
544.64,1895.7,8.7354,544.58,1895.4,8.9757,45.121
1547.6,1098,5.4653,1547,1097.7,5.7759,62.593
34.045,1202.8,15.739,33.572,1202.7,15.864,29.95
97.25,1350.2,8.6512,97.189,1350.1,8.639,5.5776
1695,213.97,7.4075,1694.6,213.69,7.3797,19.612
1876.2,860.22,23.211,1876,860.17,23.501,52.79
854.44,449.09,14.132,854.39,449.3,14.16,10.034
514.96,364.43,9.827,514.91,364.49,9.9953,30.448
915.83,534.78,23.881,915.53,534.92,24.016,27.584
1109.6,57.169,8.6337,1109.1,57.385,8.5789,23.098
1603.4,1821.5,12.305,1603,1821.2,12.408,28.06
390.63,566.95,16.885,390.76,567.7,17.147,55.917
1298.2,1589.1,11.847,1298.2,1589,12.018,30.994
1259.9,272.69,14.513,1259.4,273.17,14.564,28.705
1548.2,879.08,20.537,1548,879.1,20.4,25.648
1593.3,1107.9,20.975,1593.7,1108.4,20.993,28.733
507.04,1135.2,8.6076,506.7,1135.1,8.7882,35.197
751.52,257.94,19.659,751.25,258.38,19.787,30.688
1387.7,580.02,11.45,1387.3,580.18,11.424,16.72
262.21,516.47,8.4975,262.19,516.6,8.4442,10.817
688.39,1299.9,18.423,688.23,1299.9,18.201,40.441
113.12,1627.4,17.873,113.07,1627.3,17.944,13.244
1878.5,104.53,10.63,1878.2,104.41,10.831,39.614
1746.3,801.53,26.709,1746.2,801.25,26.494,40.482
741.53,1376.5,27.168,741.55,1376.7,26.573,107.38
712.41,208.3,6.1094,712.13,208.39,6.1584,14.882
397.96,1470.6,11.271,397.81,1470.7,11.303,8.602
1900.2,872.27,25.235,1899.1,872.26,25.43,55.941
687.93,214.93,8.3843,687.78,214.93,8.5929,38.005
320.84,1008,6.8719,320.19,1008,6.8963,26.073
67.849,1777.7,11.639,68.118,1777.8,11.805,32.47
1805.1,181.8,4.5622,1804.7,181.64,4.818,49.07
1622.9,266.62,4.1767,1622.5,266.47,4.1558,16.359
738.22,468.06,15.809,738.12,468.52,15.874,22.119
819.26,1855.5,22.758,819.49,1855.1,22.626,28.992
1726.7,623.16,12.727,1726.3,622.99,12.829,25.381
1862.4,724.78,23.698,1861.7,724.45,23.744,32.883
689.08,756.06,6.4496,688.94,756.28,6.3744,17.007
1291.1,1253.3,27.778,1290.5,1252.6,26.844,172.42
1667.5,1435.5,21.644,1667.1,1435.1,21.757,30.595
1901.2,1039.1,21.745,1899.3,1038.7,21.867,76.964
1710.3,911.5,21.268,1709.9,911.39,21.662,72.294
1094.4,1812.2,9.5567,1094.1,1811.7,9.7212,36.569
993.79,1730.7,10.897,993.37,1730.6,10.94,18.556
1035.3,1415.3,8.8777,1035,1415.1,8.7448,27.637
1477.6,1385.5,22.719,1477.7,1385.1,22.806,22.635
1283.3,1778.6,6.8769,1283.5,1778.7,6.9062,8.9337
210.81,284.55,6.7051,210.7,284.44,6.5619,26.525
1641.6,362.39,10.793,1641.6,362.6,11.044,45.825
1035.4,592.71,5.1436,1035,592.7,5.3206,35.815
137.51,239.18,15.617,137.31,239.28,15.699,17.165
426.76,343.9,8.0431,426.47,344.16,8.3667,60.35
359.49,300.29,13.86,359.13,299.97,13.893,19.899
1611.8,306.01,7.2191,1611.6,306.07,7.3781,30.05
1615.7,90.864,22.258,1615.3,91.106,22.526,52.363
507.16,1822.3,7.1256,506.99,1822.2,7.1716,11.172
382.32,890.66,12.886,382.37,891.16,12.853,20.929
287.5,1759.3,8.2395,287.28,1759.2,8.2223,9.8774
28.552,1642.8,18.267,28.252,1642.8,18.685,76.25
791.82,389.27,7.5768,791.6,389.5,7.4558,25.172
901.74,512.63,23.234,901.53,512.81,23.331,20.626
1837.3,124.8,7.9545,1837,125.54,7.6405,64.735
1457.2,1495,7.6335,1456.8,1494.9,7.6303,13.087
1125,668.9,16.736,1124.9,668.39,16.624,29.244
498.08,267.08,10.445,497.5,266.97,10.558,30.73
1549.2,550.98,10.886,1548.8,551.27,10.528,68.014
104.21,1597.8,14.197,104.36,1597.9,14.199,7.7511
762.36,351,18.068,761.85,351.11,18.147,24.984
1735,361.92,17.43,1734.8,362.37,17.472,21.915
1502.7,394.7,8.2445,1502.4,394.68,8.3977,29.007
1679.4,1711.9,19.749,1679.3,1711.7,19.847,19.388
1674.9,1848.8,20.225,1675.1,1848.9,20.49,48.44
1572,953.11,15.97,1571.4,952.96,16.111,36.535
789.21,354.55,11.248,789.35,355.11,11.577,63.514
1157.1,1054.4,15.025,1157,1054.4,15.399,67.43
1563,1039.5,23.331,1562.8,1039.2,23.359,15.706
849.28,1877.7,14.177,849.65,1877.4,13.803,70.071
694.98,691.21,7.3941,694.7,690.97,7.7529,66.203
1365.1,216.74,11.033,1364.9,216.95,11.212,34.914
1900.1,1555.6,10.51,1898.8,1555.6,10.469,52.703
1386.3,411.25,13.764,1386.3,411.33,13.824,11.567
1845.2,538.59,10.728,1844.8,538.77,10.952,43.084
494.79,1818.8,12.801,494.56,1818.8,12.876,16.511
1566.9,937.22,6.2382,1566.7,937,6.1746,17.175
1110.2,192.35,6.8579,1110.5,192.79,6.9915,32.575
1787.3,1526.5,7.7708,1786.9,1526.2,7.7379,22.157
1492.9,1822,15.628,1492.7,1821.6,15.844,41.26
1814.9,41.425,10.068,1814.5,41.177,9.969,26.214
1300.4,1165.2,27.742,1300.4,1164.7,26.878,156.46
1371.2,1406.9,8.9615,1371.1,1406.8,8.9494,6.6231
1746.4,1546.8,27.988,1745.3,1545.9,26.972,191.29
1471.2,442.62,4.5589,1469,442.6,5.0788,128.81
1718,1752.2,9.3188,1717.8,1752.7,9.3313,20.499
21.933,1512.7,6.4656,21.743,1512.8,6.581,22.106
680.75,1322.6,21.888,681.04,1322.8,22.207,59.122
1701.3,805.95,9.975,1701.3,805.75,9.9461,9.4599
620.15,587.86,22.386,620.12,588.04,22.813,77.241
579.21,1702.2,18.35,578.67,1702.1,18.548,41.757
1339.9,247.15,14.804,1339.6,247.22,14.805,10.812
1316.3,649.5,8.287,1315.9,650,8.1716,32.827
277.02,756.7,4.5109,276.78,756.83,4.583,16.753
1562.5,95.943,6.4069,1561.8,95.566,6.348,31.914
461.08,246.35,10.474,461.04,246.68,10.447,14.017
1650.3,826.03,15.596,1649.9,826.18,15.276,59.859
1709.2,906.46,26.815,1709.3,906.55,26.37,80.378
506.4,173.82,6.4416,505.89,173.94,6.6505,42.982
104.22,944.37,11.41,103.76,944.51,11.258,33.523
708.28,1881.5,8.8496,708.14,1881.2,9.0009,29.521
35.272,1799.1,14.243,34.752,1799.6,14.223,29.081
1807.4,1588.6,5.9975,1807,1588.7,6.1036,24.579
1157.5,616.84,27.985,1158,616.86,27.176,147.01
1812,1247.3,20.063,1812.1,1247.2,20.05,6.5335
378,857.55,15.878,378,857.46,15.83,9.2971
1796,1453.7,25.031,1796,1453.6,25.332,54.368
1460.9,1440.3,19.991,1460.7,1440.3,20.072,17.44
1859.3,1690.3,11.667,1859,1689.8,11.71,22.518
1802.7,1791.8,5.277,1802.5,1791.7,5.4097,25.132
1479,1888.7,18.51,1478.6,1888.4,18.599,23.284
1886.9,1554.7,6.1911,1886.5,1554.1,6.3003,34.174
1678.9,1322.2,23.213,1678,1321.8,23.37,47.951
402.49,19.569,7.6194,402.32,19.746,7.7257,21.492
1817.5,642.11,7.5282,1816.8,642.22,7.5772,28.039
657.86,508.02,14.231,657.66,507.79,14.351,24.711
1518,1691.7,22.482,1518,1691.8,22.758,49.914
1882.4,1475.7,13.167,1882.2,1475.4,13.588,77.27
409.93,338.27,17.128,410,338.67,17.188,19.506
1741.6,49.822,5.9739,1741,49.685,6.0741,30.583
999.38,707.28,14.871,999.23,707.23,14.945,14.674
1506.5,687.04,18.356,1506.4,686.98,18.577,40.233
348.38,506.41,11.724,348.63,506.73,12.018,55.136
1867.5,818.5,25.714,1867.4,818.28,25.703,9.0232
1226.4,580.65,26.687,1226.7,580.65,26.195,89.228
1801,1828.3,25.307,1801,1828.1,25.422,22.465
234.36,238.56,17.727,234.67,239.01,17.77,22.885
1694.4,499.82,16.952,1694.3,499.82,17.097,26.88
1668.8,599.74,5.8273,1668.8,599.73,5.6335,34.992
1459.1,247.5,5.9303,1458.8,247.78,6.1821,48.555
1479.1,1727.4,14.901,1479.1,1726.9,15.009,28.586
856.31,601.42,12.294,856.07,601.54,12.397,21.361
1880.4,601.7,11.941,1880.6,602.07,12.093,32.127
1698.7,435.58,4.8631,1698.5,435.55,5.1213,47.158
1439,871.5,13.624,1438.3,871.65,13.687,30.696
1856.5,849.17,5.6935,1856.3,849.56,5.7782,23.505
588.66,242.65,7.8662,588.75,242.92,7.7214,28.454
388.43,810.13,17.531,388.04,809.77,17.752,44.818
439.7,495.43,5.1739,439.62,494.96,5.2009,19.557
847.12,339.06,17.005,847.19,339.08,17.136,23.832
118.13,335,23.85,117.69,334.5,23.983,35.815
1526.2,747.06,20.838,1526.1,747.12,21.246,73.488
1840.6,658.75,6.6329,1840.5,658.8,6.7686,24.508
1753.8,12.303,12.898,1753.2,12.33,12.851,24.472
294.91,1574.6,12.003,294.52,1574.7,12.17,34.11
972.21,191.77,14.927,971.96,191.94,15.021,20.81
14.319,1295.8,12.123,13.958,1295.9,12.503,70.049
363.64,753.2,14.831,363.39,753.29,15.228,72.176
547,253.31,9.1038,546.76,253.75,9.1632,22.74
1763.6,756.1,23.283,1763.2,755.8,23.751,86.261
1791.7,1851.5,14.258,1791.4,1851.4,14.353,23.458
796.38,1363.8,23.707,795.99,1364.1,23.645,22.685
1876.4,678.07,27.584,1875.9,678.19,26.644,170.54
1118,1507.8,7.6827,1117.7,1507.5,7.7565,22.773
14.165,1881,18.559,14.417,1881.1,19.291,132.31
1801.7,1254.3,8.4008,1801.6,1254.5,8.3117,17.826
1847.1,47.472,8.1169,1846.5,47.011,8.4452,66.674
636.18,863.97,11.446,635.97,864.15,11.577,25.931
1638.2,73.026,5.0319,1637.8,73.602,5.0661,28.701
60.573,516.56,4.8565,60.214,516.74,4.9113,18.796
1598.9,1446.9,27.743,1598.9,1446.4,26.934,147.09
1827.8,1432,28.127,1828.7,1432,26.98,209.44
530.02,87.125,13.752,529.78,87.272,13.742,11.307
48.882,1590.8,11.493,49.43,1591.1,11.329,38.494
1686.1,232.54,4.8755,1685.9,232.79,4.7065,33.22
1767.1,1748.9,4.9874,1766.7,1749,5.1916,40.287
1782.6,1827.1,16.913,1782.5,1827.2,16.874,9.254
475.06,1827.2,10.501,475.26,1827,10.73,43.375
1689.1,1865.2,20.204,1688.9,1865.1,20.194,8.416
707.7,555.76,27.503,707.84,555.7,26.744,136.74
901.33,1894.3,12.588,901.05,1894.7,13.241,118.96
1626,951.87,5.4272,1625.7,951.97,5.3445,20.569
1823.3,1779.3,5.131,1822.9,1779.4,5.4752,63.75
1836,1674.9,9.5329,1835.6,1675.1,9.5267,18.903
1108.4,1332.9,14.84,1108.6,1333,15.025,34.769
1341.7,125.1,8.6405,1341.4,125.1,8.889,46.376
1653.8,1853.6,14.342,1653.6,1853.4,14.437,20.112
1195.9,216.7,16.412,1196.1,217.26,16.45,24.414
1061.8,492.68,22.598,1061.8,492.23,22.969,69.126
675.78,329.63,20.224,676.15,329.92,20.085,31.096
1150.8,1399.9,5.8761,1151,1399.7,5.9727,19.628
846.93,379.4,4.7917,846.59,379.34,4.9753,35.669
357.34,790.26,14.57,356.96,790.28,14.923,65.209
77.979,1596.1,8.9432,77.356,1596.1,9.1863,50.258
1573.8,516.57,19.886,1573.6,516.16,20.278,73.124
1798.3,815.85,28.077,1797.4,815.61,27.175,165.93
1670.5,153.35,13.7,1670.1,153.46,13.365,62.322
1573.1,1677.5,15.242,1570.2,1677.9,15.119,119.13
1843.3,1166.9,10.739,1843.1,1166.7,10.583,30.188
233.22,343.87,21.821,233.01,343.72,22.343,94.579
1386.5,1541.1,7.0257,1386.4,1540.8,7.0841,16.19
542.45,1224.6,12.829,541.94,1224.9,12.684,36.278
1710.5,1596,8.0262,1710.6,1595.8,8.0953,15.023
711.8,1059.6,15.665,711.34,1059.9,15.848,39.351
1852.6,102.3,10.303,1852.2,101.74,10.655,68.704
1894.1,262.47,18.087,1894.2,261.33,18.728,123.8
1843.4,1716,12.54,1842.9,1715.6,12.667,33.157
1447,1548.7,24.536,1446.9,1548.4,24.536,10.182
1004.9,381.63,23.85,1005,381.88,23.871,11.063
285.86,869.48,5.6735,285.69,869.32,5.5624,22.073
236.27,1885.8,9.0657,236.14,1885.7,9.0477,6.3718
721.64,1838.7,14.453,721.63,1838.4,14.482,12.81
1281.9,761.46,12.355,1282,761.17,12.503,29.336
1653.3,1033.1,17.249,1653.6,1032.8,17.213,17.821
901.26,798.57,13.213,900.15,798.64,13.441,60.475
1771.7,1115.7,14.736,1771.2,1115.7,15.012,53.895
1820.8,58.242,9.0058,1820.4,58.338,9.2192,41.853
588.01,317.23,20.476,586.86,316.94,20.606,52.561
348.75,188.56,19.828,348.54,188.03,19.906,26.575
1655.2,16.92,20.837,1654.5,17.007,21.079,51.019
1366.4,731.07,6.9885,1366.4,731.45,7.0017,15.327
1757.6,542.48,14.988,1757.5,542.34,15.511,94.472
1782,56.882,14.73,1781.4,56.9,14.594,33.765
1895.9,711.9,22.484,1895.6,711.98,22.827,63.298
79.472,1858.5,9.6773,79.067,1858.2,9.8743,40.214
1784.6,83.395,5.1929,1784.2,83.22,5.5037,57.728
1552.4,171.86,5.9186,1551.8,172.22,5.8219,34.247
1000.3,1834.8,9.0688,1000.2,1834.8,8.9408,24.227
1208,1512.7,15.207,1208.1,1513,15.427,41.555
1544.1,1420.2,11.19,1544,1420,11.644,82.327
1399.6,1563.5,21.291,1398.4,1562.8,21.649,83.398
195.02,1468,8.6278,194.64,1468,8.7602,28.152
160.64,544.39,8.0674,160.22,544.24,8.108,19.041
1210.8,1663.7,10.134,1211,1663.4,10.061,21.024
