1,9.9027e+06,8.8155e+06,21.666,1187.1,1523.1,13.171,1186.6,1523.1,13.148
2,9.6683e+06,9.021e+06,73.823,1322.2,1090.3,8.4523,1320.9,1091.7,8.3627
3,8.7952e+06,6.4489e+06,43.632,621.06,683.83,18.584,621.7,683.55,18.771
4,8.3221e+06,5.5457e+06,52.397,362.26,1486.8,8.0188,361.27,1487,8.2076
5,8.1709e+06,9.0037e+06,27.258,268.42,452.23,9.9814,268.12,452.44,10.11
6,7.8718e+06,5.4873e+06,71.173,1101.4,1509.7,9.8609,1102.3,1509.2,10.176
7,7.5719e+06,5.5012e+06,28.263,374.46,471.13,11.631,374.09,471.74,11.642
8,6.7451e+06,5.0081e+06,26.194,697.05,1368.1,20.941,696.85,1368.7,20.972
9,6.5391e+06,4.9184e+06,47.34,1000.2,934.48,7.2137,999.59,933.87,7.0355
10,6.4204e+06,3.5054e+06,34.54,1101.8,948.94,8.0481,1101.5,948.78,8.2243
11,6.1199e+06,3.7835e+06,14.313,744.55,1003.9,19.65,744.65,1003.9,19.574
12,6.0665e+06,5.778e+06,19.876,1250.6,862.37,6.4937,1250.1,862.46,6.4639
13,6.0603e+06,3.9736e+06,4.7761,683.26,882.87,6.07,683.14,882.85,6.0743
14,5.9962e+06,4.9098e+06,8.6891,1075.9,1397.8,5.605,1075.7,1397.9,5.6225
15,5.9842e+06,2.7919e+06,42.965,1436.8,945.32,10.062,1436,945.65,10.177
16,5.8681e+06,4.7515e+06,10.635,1240.9,1252.7,9.8558,1240.7,1252.6,9.8726
17,5.8662e+06,6.9774e+06,55.401,129.8,968.48,12.404,130.31,967.63,12.623
18,5.8399e+06,5.9986e+06,14.66,1523.1,1143.2,21.687,1522.8,1143.2,21.74
19,5.7549e+06,3.907e+06,7.6996,955.68,1518.5,5.9442,955.58,1518.3,5.9318
20,5.6937e+06,3.7792e+06,29.289,1570.4,1117.8,20.186,1570,1117.9,20.059
21,5.6262e+06,5.4892e+06,25.785,305.63,417.02,17.228,305.57,417.46,17.124
22,5.6048e+06,4.9238e+06,10.112,310.87,1393.7,4.8696,311,1393.6,4.8253
23,5.6039e+06,5.8251e+06,37.209,129.32,216.34,9.2605,129.12,216.65,9.4506
24,5.5265e+06,4.5634e+06,28.489,474.79,141.39,13.147,474.51,141.56,13.006
25,5.4574e+06,3.8019e+06,14.946,448.44,1119.2,5.5378,448.48,1119.2,5.62
26,5.3965e+06,3.6503e+06,34.478,631.15,280.08,19.437,630.8,280.58,19.574
27,5.3708e+06,5.9128e+06,35.846,1581.3,689.67,9.3356,1581.1,690.01,9.5166
28,5.3649e+06,4.2181e+06,38.319,1487.3,1426.5,11.314,1486.9,1426.1,11.14
29,5.363e+06,3.4014e+06,7.3486,1248.2,1435.4,7.8238,1248.2,1435.4,7.7835
30,5.3487e+06,3.6604e+06,30.095,1450.6,1316.9,13.985,1450.2,1316.2,13.982
31,5.3342e+06,6.4815e+06,29.4,1528.4,1871.6,17.673,1528,1871.8,17.807
32,5.3255e+06,5.7324e+06,21.076,160.49,1504.7,7.8703,160.46,1504.7,7.9863
33,5.306e+06,3.0676e+06,56.987,862.05,1341.5,10.253,861.79,1341.5,9.9422
34,5.3001e+06,4.3177e+06,19.566,824.2,543.47,9.1381,823.73,543.62,9.1422
35,5.2936e+06,4.3783e+06,28.151,776.79,1410.8,14.788,776.56,1410.9,14.641
36,5.2849e+06,4.0305e+06,20.765,1370.1,895.04,9.1814,1369.7,895.25,9.2452
37,5.2829e+06,3.7908e+06,24.658,1045.4,867.55,7.1583,1044.9,867.29,7.2333
38,5.28e+06,2.7134e+06,11.335,1196.3,1805.5,6.5577,1196,1805.5,6.5312
39,5.25e+06,3.5369e+06,34.244,473.49,1610.7,9.4513,473.26,1610.8,9.6318
40,5.2325e+06,6.6086e+06,28.778,1536.5,1274,23.213,1536.2,1273.7,23.345
41,5.2146e+06,6.677e+06,22.151,873.57,481.31,10.889,873.17,481.64,10.934
42,5.2095e+06,4.6414e+06,6.9991,872.2,1222,6.5554,872.16,1222,6.5216
43,5.1857e+06,4.6061e+06,23.716,388.81,478.1,19.674,388.81,477.94,19.547
44,5.1839e+06,3.4323e+06,20.635,617.27,1061.2,17.461,616.9,1061.3,17.538
45,5.1754e+06,4.156e+06,17.609,399.47,998.34,12.093,399.9,998.42,12.107
46,5.1193e+06,3.8285e+06,23.738,1088.2,187.28,16.338,1088.1,187.1,16.461
47,5.1141e+06,3.8119e+06,24.028,1714,676.03,18.212,1713.5,675.73,18.247
48,5.0921e+06,3.2692e+06,41.08,790.11,1471.9,10.293,789.94,1471.6,10.506
49,5.0798e+06,3.6386e+06,11.388,1418.7,545.43,7.215,1418.7,545.68,7.2463
50,5.0778e+06,3.6233e+06,18.993,955.75,162.1,14.673,955.35,162.34,14.691
51,5.0714e+06,4.9899e+06,12.537,1703.7,614.78,12.207,1703.7,614.84,12.141
52,5.0706e+06,4.6824e+06,16.44,894,1841,6.4462,893.91,1840.6,6.4251
53,5.0527e+06,3.4488e+06,13.555,919.05,782.32,7.3432,918.88,782.18,7.4002
54,5.0273e+06,6.4045e+06,21.526,1247,895.83,16.486,1246.6,895.77,16.394
55,5.0066e+06,3.6175e+06,32.938,693.71,470.62,15.119,693.47,471.22,15.005
56,5.0008e+06,6.0512e+06,15.683,849.52,868.76,13.471,849.47,868.62,13.552
57,4.9993e+06,3.4661e+06,21.963,1042.7,915.22,7.4778,1042.3,915.32,7.5744
58,4.9244e+06,3.5104e+06,14.929,1463.9,1507.3,14.146,1463.6,1507.2,14.182
59,4.9127e+06,4.2068e+06,13.753,1260.1,1109.5,7.5912,1259.8,1109.5,7.625
60,4.911e+06,5.7254e+06,18.923,1175.8,981.29,9.1364,1175.5,981.53,9.1986
61,4.9058e+06,4.1959e+06,17.063,1158.8,1542.6,15.061,1158.4,1542.5,15.06
62,4.8975e+06,3.9045e+06,15.548,1275.6,1764.1,13.35,1275.3,1764.3,13.372
63,4.8686e+06,4.237e+06,8.7855,268.22,1440,10.009,268.41,1439.9,10.009
64,4.8464e+06,2.9654e+06,31.302,817.29,1626.1,6.4202,817.14,1625.9,6.253
65,4.8312e+06,3.6251e+06,23.412,633.98,204.78,4.8193,633.67,205.05,4.9117
66,4.8086e+06,1.9784e+06,34.032,708.69,1196.8,5.7393,708.81,1197.2,5.9018
67,4.8074e+06,4.8793e+06,23.252,256.06,1144.2,19.569,255.84,1144,19.683
68,4.7955e+06,2.3176e+06,35.026,1389.1,1070.4,7.2376,1388.8,1070,7.0702
69,4.7897e+06,4.1684e+06,34.216,1374.3,1495.5,9.0632,1374.1,1495.5,9.2495
70,4.7865e+06,4.7601e+06,20.393,1657.5,1472.1,25.542,1657.2,1471.8,25.571
71,4.779e+06,3.7133e+06,24.006,1303.2,866.58,6.3777,1302.8,866.67,6.4701
72,4.7396e+06,4.3259e+06,20.234,876.61,1234,12.835,876.22,1233.7,12.852
73,4.7378e+06,5.1346e+06,32.507,1195.4,229.8,17.42,1195.1,230.01,17.586
74,4.7359e+06,4.0889e+06,13.687,89.571,985,18.609,89.825,985.09,18.562
75,4.7255e+06,3.6369e+06,34.599,1470.6,756,22.302,1470.2,756.13,22.464
76,4.7166e+06,3.1964e+06,34.18,309.34,1451.1,13.044,309.33,1451.5,13.21
77,4.6812e+06,4.2524e+06,9.693,1230,751.91,13.221,1229.7,751.83,13.226
78,4.6806e+06,3.5475e+06,26.929,1606.6,931.55,5.9371,1606.1,931.94,5.9452
79,4.6782e+06,3.8274e+06,6.8647,685.51,1271.5,16.673,685.39,1271.5,16.7
80,4.6722e+06,3.6386e+06,27.516,1619.8,418.23,17.295,1619.2,418.09,17.363
81,4.6588e+06,3.5075e+06,40.3,1896.2,1169.2,7.8359,1896.1,1168.3,7.8934
82,4.6585e+06,2.809e+06,23.568,214.79,1359.4,7.5789,214.47,1358.9,7.5754
83,4.6467e+06,4.4048e+06,15.514,425.6,1491.6,8.5864,425.74,1491.3,8.5395
84,4.6441e+06,4.1626e+06,55.29,1330.8,643.34,12.811,1329.5,643.37,12.907
85,4.6407e+06,4.2535e+06,15.432,105.68,1543.8,12.974,106.01,1543.8,13.016
86,4.6396e+06,2.4049e+06,18.422,1004.6,1770.1,10.223,1004.5,1770.2,10.136
87,4.6261e+06,4.0391e+06,15.021,1549.2,1724.3,11.603,1548.9,1724.2,11.548
88,4.6113e+06,4.6805e+06,24.151,455.63,462.26,11.471,455.02,462.32,11.472
89,4.6096e+06,5.0477e+06,12.868,970.5,1105.2,7.2183,970.21,1105.1,7.2274
90,4.6039e+06,3.8281e+06,15.709,199.43,1378.3,11.665,199.34,1378.1,11.601
91,4.6014e+06,3.5352e+06,40.714,1044.9,442.44,8.6925,1044.9,442.9,8.8939
92,4.6009e+06,3.4067e+06,14.297,1125.1,970.43,8.6188,1124.8,970.47,8.5751
93,4.5849e+06,3.758e+06,17.992,504.13,1658.1,7.5794,504.52,1658,7.528
94,4.5801e+06,4.408e+06,16.265,368.28,227.87,22.366,368.29,227.98,22.279
95,4.5758e+06,6.0258e+06,48.48,105.59,1832.6,8.5583,106.55,1832.8,8.3978
96,4.5607e+06,3.632e+06,35.746,897.35,1328.6,5.6464,897.1,1328.4,5.8308
97,4.5542e+06,3.9408e+06,27.781,1460.9,558.52,11.7,1460.2,558.4,11.683
98,4.5373e+06,3.9971e+06,23.716,128.4,1255,12.628,128.45,1255.1,12.5
99,4.5308e+06,5.1842e+06,50.348,1429.1,1643.4,5.8522,1429,1643.8,6.1195
100,4.5295e+06,2.837e+06,29.03,1185.7,452.75,6.3552,1185.5,453.08,6.2179
101,4.5237e+06,3.9247e+06,29.56,1566.9,1406.7,14.738,1566.4,1406.6,14.872
102,4.5208e+06,2.0557e+06,18.343,482.38,744.99,18.453,482.36,745.35,18.39
103,4.5205e+06,5.0322e+06,10.247,618.77,976.84,10.092,618.66,976.81,10.042
104,4.5107e+06,4.9352e+06,26.47,1196.9,1188.6,17.76,1196.8,1188.5,17.616
105,4.5064e+06,5.267e+06,11.436,811.42,967.21,6.4858,811.14,967.25,6.5005
106,4.4992e+06,3.9939e+06,67.834,1469.4,1631.3,23.971,1468.9,1630.8,24.318
107,4.4961e+06,4.0959e+06,26.82,1422.7,1297.1,13.269,1422.2,1297,13.376
108,4.496e+06,4.8808e+06,14.177,926.91,1041.6,5.9423,926.67,1041.6,5.8841
109,4.478e+06,4.2864e+06,17.573,1522.9,487.33,8.3284,1522.4,487.4,8.3383
110,4.4696e+06,5.0977e+06,44.711,1839.7,427.03,11.802,1839.2,426.93,12.022
111,4.4688e+06,2.4463e+06,9.3904,1239.6,879.57,9.0235,1239.4,879.73,9.0545
112,4.4642e+06,3.2105e+06,127.31,1657.1,1410.5,27.416,1657.1,1410.2,26.712
113,4.4632e+06,3.1465e+06,51.976,629.8,1008.8,15.5,628.9,1009.5,15.654
114,4.4604e+06,3.4831e+06,19.064,932.44,466.82,5.524,932.11,467.07,5.5774
115,4.4561e+06,3.5108e+06,15.855,536.22,473.93,22.172,536.22,473.9,22.26
116,4.4484e+06,3.7486e+06,20.447,794.96,1118.9,11.508,794.87,1118.4,11.571
117,4.4314e+06,3.4058e+06,15.059,309.6,873.36,11.21,309.29,873.41,11.257
118,4.4301e+06,3.508e+06,19.997,881.87,1760,15.982,881.48,1760,16.051
119,4.4295e+06,5.0169e+06,10.509,836.21,374.19,10.395,836.01,374.33,10.374
120,4.4292e+06,4.555e+06,35.505,10.478,1712.3,10.278,10.56,1712.3,10.081
121,4.4246e+06,3.683e+06,22.626,1344.3,1566.1,17.772,1343.7,1566,17.809
122,4.4229e+06,3.6179e+06,25.985,744.38,1659.8,6.2107,743.99,1660.3,6.185
123,4.4216e+06,2.5168e+06,32.756,91.564,1584.1,8.6978,92.295,1584,8.6154
124,4.401e+06,5.3217e+06,25.248,172.67,1248.1,16.076,172.85,1248.2,15.942
125,4.3999e+06,4.1221e+06,49.858,698.32,1018.3,19.024,698.13,1018.4,19.298
126,4.3789e+06,3.5622e+06,57.002,549.54,433.14,6.9252,549.14,433.43,7.2231
127,4.3619e+06,4.6464e+06,19.716,1275.5,227.49,14.779,1275.1,227.76,14.758
128,4.3603e+06,5.3681e+06,28.133,475.37,909.61,13.338,475.27,909.47,13.49
129,4.3432e+06,4.6187e+06,84.106,1863.9,1552.7,15.324,1862.9,1553.3,15.713
130,4.3431e+06,4.7106e+06,24.149,428.77,997.58,16.598,428.91,998.07,16.673
131,4.3366e+06,4.0024e+06,12.039,154.76,1546.8,5.3515,154.9,1546.7,5.2988
132,4.3309e+06,3.1947e+06,18.149,604.19,709.08,8.6583,603.85,709.35,8.6897
133,4.3258e+06,4.4212e+06,13.237,976.62,392.85,9.6661,976.64,393.03,9.6035
134,4.3147e+06,2.5831e+06,27.651,537.64,1082.1,12.46,537.47,1082.2,12.312
135,4.3127e+06,3.7077e+06,32.705,378.27,1670.3,6.1761,378.41,1669.9,6.0121
136,4.3124e+06,3.6335e+06,28.522,485.04,1527.4,5.9421,484.81,1527.8,6.0588
137,4.3073e+06,3.9785e+06,26.113,320.74,1526.8,8.3705,321.14,1526.8,8.4864
138,4.2874e+06,5.4268e+06,40.584,1427.8,1560.2,12.253,1427.6,1560.2,12.473
139,4.2867e+06,3.7285e+06,20.319,1743.1,810.27,18.754,1743.2,810.01,18.846
140,4.2823e+06,3.873e+06,18.939,838.08,1622.2,8.1778,837.78,1622,8.1094
141,4.2732e+06,3.0518e+06,20.503,8.3072,1182.4,11.253,8.2603,1182.7,11.353
142,4.2731e+06,5.0415e+06,15.872,1012.2,154.29,10.682,1012.4,154.44,10.618
143,4.2677e+06,3.4755e+06,34.769,936,479.85,13.756,935.69,479.86,13.575
144,4.2606e+06,3.5698e+06,88.42,721.78,1571.3,6.8976,721.84,1571.4,7.3881
145,4.234e+06,3.9513e+06,25.343,1679.5,761.46,17.963,1679.4,761.47,18.099
146,4.2336e+06,4.0398e+06,22.486,477.93,67.03,12.8,477.93,66.963,12.676
147,4.2231e+06,5.1939e+06,11.285,400.77,933.99,13.387,400.87,934.25,13.374
148,4.2183e+06,3.3399e+06,19.372,1119.3,1205.5,13.664,1119,1205.2,13.626
149,4.2074e+06,4.0226e+06,21.689,989.12,923.96,12.873,989.45,923.54,12.852
150,4.2068e+06,3.7063e+06,27.65,1490.9,1490.4,16.45,1490.4,1490.3,16.54
151,4.2023e+06,3.9572e+06,60.247,578.7,670.84,4.7402,578.53,670.93,5.0721
152,4.2022e+06,3.0215e+06,25.808,663.98,318.84,15.547,663.83,319.2,15.661
153,4.1967e+06,2.7986e+06,32.012,1733,1506.2,5.1021,1732.4,1506.2,5.2208
154,4.1963e+06,3.2278e+06,40.935,1640.1,626.89,19.566,1639.4,626.24,19.627
155,4.1962e+06,3.2663e+06,15.604,1643.8,774.63,15.053,1643.4,774.53,15.064
156,4.1939e+06,4.041e+06,39.417,558.64,1465.3,7.2973,558.42,1465.6,7.5038
157,4.1905e+06,5.6066e+06,10.18,1593,904.99,25.609,1592.8,904.94,25.582
158,4.1866e+06,5.3207e+06,14.333,79.185,1324.8,13.144,79.362,1324.6,13.195
159,4.184e+06,4.8854e+06,41.044,1496.7,1806.8,17.315,1496.6,1806.8,17.542
160,4.1793e+06,5.4392e+06,17.859,1189.5,242.38,7.4582,1189.2,242.63,7.457
161,4.1689e+06,2.488e+06,18.29,356.94,1421.8,5.3341,357.3,1422,5.2847
162,4.1666e+06,3.9752e+06,13.292,612.08,953.02,17.332,611.78,953.16,17.337
163,4.1426e+06,2.509e+06,42.998,1749.1,507.83,18.309,1748.8,507.89,18.537
164,4.139e+06,5.4197e+06,36.784,538.68,215.21,7.4634,538.28,215.18,7.6482
165,4.1283e+06,3.8904e+06,26.664,626.09,1815.5,22.488,625.91,1815.6,22.628
166,4.1249e+06,3.3308e+06,19.404,762.93,389.84,17.425,762.95,390.32,17.444
167,4.1222e+06,5.5951e+06,7.0383,387.71,1000.7,14.564,387.61,1000.6,14.536
168,4.118e+06,5.5409e+06,27.887,1275.5,174.46,8.7892,1275,174.59,8.8859
169,4.1159e+06,3.7317e+06,11.949,466.5,561.82,9.9447,466.27,561.97,9.915
170,4.1099e+06,3.7561e+06,28.406,280.63,1894.6,7.8384,280.71,1894.3,7.6955
171,4.0992e+06,4.848e+06,17.153,1643.3,424.23,6.1402,1643,424.46,6.1118
172,4.0939e+06,4.0942e+06,13.268,685.18,575.77,12.624,684.93,575.58,12.65
173,4.0892e+06,4.8111e+06,20.645,473.15,1676.7,6.7677,473,1676.5,6.8691
174,4.0876e+06,4.5328e+06,28.678,1310.5,885.6,6.5446,1310,885.34,6.6406
175,4.0864e+06,4.2815e+06,48.641,1872.9,1049.8,18.016,1872.6,1049.8,18.276
176,4.0779e+06,4.1364e+06,68.76,954.22,477.97,12.47,953.92,478.32,12.839
177,4.0779e+06,2.084e+06,46.827,1215.6,447.12,16.057,1215.2,447.1,16.296
178,4.0645e+06,3.1804e+06,35.261,175.94,287.86,26.403,175.79,288.04,26.214
179,4.0636e+06,4.2099e+06,35.657,1358.9,1033.3,13.541,1358.5,1033.2,13.712
180,4.0622e+06,3.3647e+06,12.231,1539.7,1312.5,16.713,1539.7,1312.2,16.71
181,4.0542e+06,3.6355e+06,17.228,1670.7,701.89,13.364,1670.6,701.49,13.391
182,4.0522e+06,3.7753e+06,19.035,817.47,338.2,8.5663,817.31,338.27,8.4683
183,4.0368e+06,2.0291e+06,27.13,535.48,488.88,5.082,535.32,488.37,5.1778
184,4.0329e+06,4.5733e+06,15.568,432.32,980.72,12.438,432.22,980.82,12.518
185,4.0202e+06,3.0143e+06,26.956,1213.1,862.05,6.0552,1212.5,861.91,6.019
186,4.0139e+06,3.6782e+06,53.552,290.75,1349,19.964,290.84,1349.1,20.261
187,4.0113e+06,4.5127e+06,22.974,732.39,1193.9,20.557,732.32,1193.8,20.681
188,4.0041e+06,2.7263e+06,18.187,195.53,1571.8,8.891,195.66,1571.6,8.9751
189,3.9986e+06,3.7219e+06,20.626,1398.7,169.59,6.8425,1398.3,169.81,6.7946
190,3.994e+06,3.0771e+06,15.965,1281.1,525.1,10.005,1281,525.5,10.01
191,3.9841e+06,4.4067e+06,37.703,777.5,442.42,12.473,777.25,442.45,12.271
192,3.9734e+06,3.7883e+06,21.866,1851.4,1152.8,15.894,1851,1152.7,15.955
193,3.9702e+06,4.0554e+06,39.554,1062.5,1221.3,5.8557,1061.5,1221.4,5.9141
194,3.9576e+06,6.0442e+06,34.653,1514.1,1240.4,12.267,1513.8,1240.3,12.452
195,3.9473e+06,4.6425e+06,37.035,1166.4,181.85,4.377,1165.7,182.18,4.5146
196,3.9378e+06,5.8879e+06,25.913,761.62,328.89,14.177,761.2,328.9,14.068
197,3.9282e+06,3.8073e+06,17.337,1797.3,1457,11.213,1797,1456.7,11.229
198,3.9282e+06,4.9086e+06,19.344,1474.4,1156.4,6.0936,1474.3,1156.2,6.1925
199,3.9278e+06,4.3008e+06,42.45,775.24,384.18,15.523,775.17,384.64,15.311
200,3.9251e+06,1.6084e+06,31.851,317.03,346.7,19.252,316.93,346.87,19.424
201,3.9206e+06,4.2876e+06,35.651,916.36,552.52,5.7085,915.87,552.81,5.5549
202,3.9138e+06,3.6091e+06,5.7462,329.68,1020.3,7.4992,329.55,1020.3,7.5012
203,3.9089e+06,4.7556e+06,28.715,1332.2,516.97,13.711,1331.9,516.91,13.852
204,3.897e+06,3.85e+06,14.107,666.84,554.07,25.235,666.68,554.3,25.281
205,3.8832e+06,2.7428e+06,12.647,692,1355.4,22.369,691.97,1355.5,22.305
206,3.8832e+06,3.7708e+06,31.28,1040.4,2.4422,12.15,1040,3.0169,12.082
207,3.881e+06,5.4722e+06,22.497,510.97,883.12,17.84,510.51,882.8,17.858
208,3.8772e+06,3.0109e+06,21.048,803.57,1683.5,10.904,803.33,1683.4,10.803
209,3.8757e+06,5.2821e+06,41.178,338.85,246.24,11.619,338.78,246.52,11.839
210,3.873e+06,4.0857e+06,59.123,803.54,72.362,8.0443,802.89,72.39,8.3396
211,3.8712e+06,4.7785e+06,30.123,567.43,1819,10.743,567.15,1819.4,10.862
212,3.8712e+06,3.4724e+06,22.865,1407.4,827.98,7.231,1406.9,827.83,7.2096
213,3.8679e+06,3.6055e+06,49.134,1491,132.59,8.7508,1490.5,132.48,8.5086
214,3.8652e+06,4.094e+06,32.103,417.12,1256.7,5.5968,416.87,1257,5.4389
215,3.8647e+06,6.5553e+06,48.026,187.82,254.83,23.902,187.88,255.12,24.16
216,3.8644e+06,4.5861e+06,18.964,1653.8,708.27,10.573,1653.4,708.39,10.618
217,3.8537e+06,3.1824e+06,19.023,994.86,469.69,10.289,994.59,469.43,10.355
218,3.8533e+06,2.3955e+06,127.27,1532.3,757.49,21.534,1534.5,755.51,21.265
219,3.8424e+06,3.5218e+06,25.79,961.36,673.17,15.741,960.79,673.48,15.737
220,3.8401e+06,4.9415e+06,40.128,137.87,923.94,9.1478,137.64,924.02,9.3646
221,3.8398e+06,4.613e+06,15.175,1488.2,1028.2,15.746,1487.9,1028.1,15.8
222,3.8379e+06,3.9949e+06,21.843,471.64,749.49,21.435,471.6,749.34,21.551
223,3.8348e+06,3.8147e+06,35.942,331.89,768.3,18.557,331.85,768.52,18.751
224,3.8292e+06,2.6483e+06,24.126,666.36,1408.2,19.327,666.06,1408.4,19.432
225,3.8288e+06,4.3047e+06,21.148,1632.6,1321.7,6.6599,1632.2,1321.4,6.7264
226,3.8285e+06,2.6945e+06,34.697,1891.6,677.65,19.926,1891,678.1,20.034
227,3.8201e+06,4.3546e+06,80.582,1583.5,1775.3,15.183,1582.4,1775.2,15.558
228,3.8183e+06,3.1637e+06,45.741,1878.9,1502,7.2831,1878.3,1501.6,7.4767
229,3.8129e+06,4.2319e+06,27.404,1518.1,1382.5,18.637,1517.9,1382.4,18.781
230,3.8126e+06,4.9771e+06,8.4633,831.8,1456.7,8.1517,831.68,1456.6,8.1838
231,3.8111e+06,2.8422e+06,17.939,1069.6,481.53,20.36,1069.1,481.43,20.346
232,3.81e+06,2.9428e+06,43.282,783.58,1740.8,17.194,783.73,1740.8,17.433
233,3.8085e+06,1.923e+06,21.563,1047.4,1299.7,5.6773,1047,1299.8,5.6172
234,3.8055e+06,4.501e+06,26.669,1150.1,1189.3,6.4148,1149.6,1189,6.3389
235,3.8035e+06,4.2229e+06,25.584,910.31,652.37,12.968,910.01,652.41,13.094
236,3.8009e+06,3.2786e+06,50.727,1721.2,934.51,19.067,1720.8,934.17,19.323
237,3.7951e+06,5.4226e+06,37.056,568.23,241.66,10.071,567.7,241.89,10.233
238,3.7909e+06,2.2834e+06,14.799,761.44,837.26,9.522,761.52,837.55,9.5696
239,3.7831e+06,4.1724e+06,19.979,784.56,461.77,25.059,784.43,462.13,24.988
240,3.7811e+06,2.9174e+06,10.385,1284.5,1480.3,18.145,1284.3,1480.4,18.125
241,3.7761e+06,4.5606e+06,27.207,752.87,447.34,14.708,752.69,447.97,14.753
242,3.7734e+06,5.071e+06,31.056,714.08,317.57,13.583,713.82,317.95,13.722
243,3.7718e+06,4.1339e+06,34.668,976.57,482.02,15.641,976.56,482.24,15.455
244,3.7652e+06,4.7535e+06,36.777,638.05,655.97,22.755,638.17,656.08,22.956
245,3.7584e+06,5.8018e+06,60.19,207.3,318.3,18.439,207.19,317.91,18.762
246,3.7563e+06,3.7567e+06,12.903,1494.3,24.694,10.714,1494,24.601,10.721
247,3.7558e+06,4.3673e+06,7.5287,193.89,1549.6,9.2267,193.74,1549.6,9.2506
248,3.7533e+06,2.3657e+06,18.82,431.69,1671.1,7.8255,431.56,1670.7,7.8858
249,3.7528e+06,3.9448e+06,46.671,818.54,1345.3,20.283,818.34,1345.4,20.538
250,3.7512e+06,4.8169e+06,20.517,208.32,341.68,16.487,208.03,341.84,16.575
251,3.7323e+06,3.5297e+06,37.675,1868.2,715.96,23.414,1868,715.8,23.617
252,3.7283e+06,3.8958e+06,31.201,664.53,1859.3,10.791,664.65,1858.6,10.707
253,3.7249e+06,1.9397e+06,176.83,1631,1645.4,27.999,1631.2,1645.1,27.019
254,3.7241e+06,2.7269e+06,45.565,820.29,1008.8,15.089,819.64,1008.8,15.297
255,3.7232e+06,4.4176e+06,11.269,1876.2,873.11,26.003,1876,872.99,26.025
256,3.7231e+06,4.5566e+06,53.319,1661.4,253.1,13.997,1660.9,253.42,14.262
257,3.7203e+06,3.9562e+06,36.845,1459.9,1690.7,14.394,1459.6,1690.3,14.214
258,3.7196e+06,3.3382e+06,38.265,1654.7,134.08,15.433,1653.9,133.92,15.533
259,3.7163e+06,4.7568e+06,15.805,1472.1,900.44,17.188,1471.9,900.74,17.166
260,3.7156e+06,3.7015e+06,45.188,1207.3,456.22,10.872,1206.7,456.74,11.051
261,3.7109e+06,3.5758e+06,30.847,1567.3,920.58,5.9134,1566.9,920.22,5.7859
262,3.7057e+06,2.738e+06,35.877,1700.4,967.08,20.949,1700.2,967.04,21.146
263,3.7018e+06,3.8958e+06,32.916,1502.4,1221.1,16.178,1502.1,1221,16.347
264,3.701e+06,2.7553e+06,28.115,692.87,998.83,8.6247,692.33,999.29,8.626
265,3.6996e+06,4.7485e+06,12.234,882.7,973.86,14.154,882.54,974.05,14.113
266,3.6993e+06,3.6202e+06,63.485,1482.8,1116.4,22.904,1482.3,1116,23.22
267,3.6945e+06,3.953e+06,22.812,1069.1,514.94,13.395,1068.5,515.15,13.423
268,3.6909e+06,2.7861e+06,14.277,1288.6,452.86,17.582,1288.2,452.92,17.574
269,3.6828e+06,4.462e+06,27.932,994.54,196.02,7.6595,993.93,196.24,7.7227
270,3.6805e+06,4.0512e+06,25.769,1607.8,1557.9,14.163,1607.5,1557.5,14.068
271,3.6775e+06,3.7671e+06,48.605,1275.2,1445.5,14.312,1274.9,1445.6,14.575
272,3.652e+06,4.6571e+06,32.043,855.37,374.43,16.707,855.12,374.89,16.843
273,3.649e+06,2.7037e+06,23.057,1843.7,1642.4,5.2415,1843.4,1642.3,5.1395
274,3.6483e+06,2.6421e+06,22.517,1033.6,492.65,23.714,1033.1,492.79,23.745
275,3.6475e+06,3.2295e+06,19.78,1085.8,479.56,9.1048,1085.4,479.72,9.0823
276,3.6473e+06,3.095e+06,4.6864,208.6,1130.6,17.44,208.64,1130.5,17.438
277,3.6471e+06,4.4492e+06,31.737,1586.7,1590.8,19.961,1586.4,1590.3,20.099
278,3.6466e+06,3.1263e+06,13.861,1510.6,1609.2,26.183,1510.7,1609.1,26.257
279,3.6451e+06,3.8621e+06,42.116,1307.4,622.52,13.958,1307.1,622.6,14.183
280,3.6448e+06,4.5224e+06,17.673,1546.1,905.66,17.024,1546,905.75,16.931
281,3.6403e+06,4.3313e+06,29.244,551.08,1781.5,7.3366,551.01,1781.9,7.4717
282,3.6219e+06,2.6989e+06,46.703,872.75,1576.6,6.0094,872.97,1575.8,5.8342
283,3.6185e+06,3.5376e+06,20.803,808.19,449,5.5237,807.95,449.11,5.4241
284,3.6175e+06,3.0126e+06,13.735,1850.2,871.14,19.286,1850.2,870.96,19.351
285,3.6058e+06,4.3362e+06,46.527,497.46,1600.3,6.7233,497.41,1600.2,6.9812
286,3.6056e+06,1.9534e+06,47.628,736.31,564.84,5.5027,736.22,564.82,5.2388
287,3.6033e+06,3.1237e+06,40.282,1565.6,1704.1,18.533,1565.6,1703.7,18.742
288,3.5975e+06,3.5249e+06,27.884,1335.2,593.23,13.219,1335.4,593.89,13.255
289,3.5969e+06,3.3891e+06,29.062,1853.5,660.65,23.098,1853.1,661.08,23.19
290,3.5911e+06,3.5612e+06,99.934,1656.4,696.36,20.509,1655.7,696.16,21.043
291,3.591e+06,3.4468e+06,26.216,721.38,201.78,7.4369,720.8,201.97,7.496
292,3.5899e+06,4.7004e+06,26.082,1117.6,1609.4,10.094,1117.7,1609.6,10.236
293,3.5872e+06,2.7034e+06,94.641,1140.5,1416.8,15.365,1141.7,1415.6,15.001
294,3.587e+06,3.3116e+06,14.712,1566.3,919.17,21.779,1566.2,919.11,21.706
295,3.5839e+06,4.1301e+06,25.646,397.18,334.56,9.9987,396.95,334.29,10.118
296,3.5635e+06,4.2341e+06,36.773,1566.9,434.89,13.048,1566.5,435.08,13.228
297,3.562e+06,5.0239e+06,16.687,939.41,784.18,6.7026,939.12,784.28,6.767
298,3.5543e+06,4.1151e+06,20.488,701.39,1895.2,9.744,701.44,1895,9.634
299,3.5367e+06,5.6909e+06,34.537,1521.4,1812.8,7.5987,1521,1812.4,7.7499
300,3.5187e+06,3.7655e+06,16.459,1663.3,1110.7,6.7135,1663,1110.6,6.7643
301,3.4919e+06,4.1691e+06,16.812,1614.5,1642.6,26.085,1614.4,1642.4,25.998
302,3.4894e+06,3.1393e+06,15.955,1886.2,870.9,9.6069,1885.9,870.63,9.6407
303,3.4828e+06,3.7694e+06,36.285,1670.7,309.29,15.177,1670.2,309.83,15.313
304,3.4751e+06,3.3974e+06,15.359,1620.6,441.01,5.324,1620.4,441.11,5.3973
305,3.4722e+06,4.1656e+06,34.359,954.21,533.7,6.0572,953.89,533.54,6.2309
306,3.4675e+06,3.9468e+06,38.117,992.43,1847.4,5.6408,992.22,1847.1,5.8358
307,3.4669e+06,4.7555e+06,42.926,38.45,1556.1,13.103,38.627,1556,13.338
308,3.4601e+06,3.6416e+06,14.437,375.08,370.46,8.6694,375.27,370.23,8.6226
309,3.4561e+06,4.2848e+06,17.906,780.84,699.98,10.142,780.71,699.87,10.05
310,3.4471e+06,4.8389e+06,49.922,1287.3,1420.1,19.133,1286.9,1419.9,19.385
311,3.4446e+06,3.3983e+06,53.732,1265.6,1102,9.1931,1264.9,1101.6,8.9492
312,3.4444e+06,4.3613e+06,10.912,901.72,439.23,7.1579,901.53,439.36,7.1245
313,3.4443e+06,5.0519e+06,20.467,1708.1,1110.5,4.9614,1707.7,1110.3,4.9366
314,3.439e+06,2.6932e+06,22.045,1761.1,1260.7,24.861,1760.6,1260.7,24.911
315,3.4329e+06,3.1626e+06,52.529,567.09,678.72,6.8803,567.26,679.18,6.6093
316,3.4321e+06,4.8391e+06,26.879,915.38,117.95,6.5606,915.25,117.93,6.707
317,3.4265e+06,2.2696e+06,12.053,398.99,982.49,7.0314,399.19,982.27,7.0167
318,3.4248e+06,3.3508e+06,20.509,635.09,169.97,20.429,634.91,170.44,20.398
319,3.4195e+06,3.7492e+06,9.3494,434.36,325.67,15.346,434.2,325.55,15.372
320,3.4148e+06,4.7645e+06,23.027,1576.4,1378.2,7.9051,1576,1377.9,7.9258
321,3.4141e+06,3.3558e+06,42.946,553.04,400.06,9.9508,552.32,400.8,10.026
322,3.4115e+06,3.1953e+06,14.814,143.99,1590.1,9.8643,143.88,1590,9.9413
323,3.4045e+06,3.2057e+06,68.791,1401.7,1523.2,9.5407,1401.7,1522.8,9.9157
324,3.4017e+06,3.5962e+06,19.249,309.94,332.48,19.682,309.86,332.37,19.579
325,3.4001e+06,3.189e+06,32.143,1599,1116.6,18.078,1598.6,1116.1,17.962
326,3.3951e+06,4.2133e+06,52.183,1884.4,643.67,17.849,1884.1,644.07,18.12
327,3.389e+06,4.0443e+06,30.037,1552.4,1483.7,9.2932,1552.3,1483.2,9.4307
328,3.3887e+06,4.1507e+06,46.591,516.33,1683.7,11.083,516.23,1683.7,11.341
329,3.3849e+06,5.0569e+06,44.775,673.69,702.35,20.731,673.2,702.63,20.946
330,3.3844e+06,3.6441e+06,35.144,1075.3,551.22,5.5533,1075.3,551.44,5.7424
331,3.3835e+06,2.9743e+06,20.807,1521.5,1309.7,10.153,1521.1,1309.4,10.188
332,3.3762e+06,5.8148e+06,19.341,1679.5,1004,21.835,1679.2,1003.9,21.907
333,3.3757e+06,4.3225e+06,20.893,1434.7,1864.3,11.86,1434.6,1864.6,11.964
334,3.3701e+06,4.1483e+06,47.9,1775.6,119.53,7.7387,1775.2,119.87,7.9773
335,3.3685e+06,4.9544e+06,64.533,551.1,1081.9,11.225,551.41,1082.1,11.575
336,3.3678e+06,3.8719e+06,27.432,1021.5,588.82,8.7205,1021.8,588.47,8.8346
337,3.3598e+06,4.6139e+06,19.36,1482.1,946.07,12.215,1481.6,945.99,12.165
338,3.3539e+06,4.8631e+06,28.034,407.2,1537.6,7.8986,406.79,1537,7.934
339,3.3507e+06,3.6797e+06,14.057,703.35,1059.3,13.579,703.1,1059.2,13.532
340,3.3473e+06,2.6607e+06,19.356,1329.5,1511.2,17.63,1329.2,1511.1,17.706
341,3.3458e+06,3.8402e+06,14.854,1274.8,1866.5,7.1444,1274.5,1866.7,7.1492
342,3.3449e+06,4.0933e+06,72.562,1686.9,1735.6,5.5633,1686.4,1735,5.9293
343,3.3446e+06,2.2767e+06,16.395,547.53,1401.9,7.6737,547.28,1402.1,7.7136
344,3.3419e+06,2.8103e+06,42.824,1870.9,1493,20.415,1870.4,1493.1,20.627
345,3.3345e+06,3.5986e+06,25.409,960.06,229.64,11.006,959.7,229.71,10.89
346,3.3308e+06,3.7243e+06,42.393,1895.6,764.25,25.916,1895.4,764.17,25.685
347,3.3244e+06,4.4763e+06,21.633,1867.3,1186.7,14.267,1866.9,1186.4,14.337
348,3.3133e+06,4.3378e+06,21,436.07,352.64,11.864,435.87,352.85,11.962
349,3.3025e+06,3.2746e+06,60.191,632.91,1402,20.956,632.63,1402,21.285
350,3.3023e+06,3.6968e+06,19.148,1408.7,926.98,15.276,1408.6,926.55,15.317
351,3.3015e+06,3.9021e+06,20.809,1816.5,517.85,4.5023,1816.6,517.54,4.4104
352,3.2894e+06,4.5956e+06,13.731,1819.8,392.85,16.676,1819.5,393.01,16.693
353,3.2876e+06,3.443e+06,29.961,1493.6,1385.4,7.9052,1493.2,1385.1,8.0283
354,3.2858e+06,4.7655e+06,33.586,1255.1,1602.8,15.098,1254.4,1602.6,15.009
355,3.2825e+06,3.773e+06,20.986,1162.8,189.89,9.7716,1162.6,190.36,9.735
356,3.2788e+06,4.9445e+06,37.835,1647.8,174.77,13.534,1647,175.03,13.438
357,3.2785e+06,4.1769e+06,26.965,913.25,480.99,21.773,913.31,481.09,21.92
358,3.2745e+06,4.5824e+06,25.539,1818.5,1884,8.6864,1818.6,1884.5,8.7725
359,3.273e+06,2.8966e+06,44.226,1413.3,1819,17.2,1412.9,1819,17.429
360,3.2706e+06,4.536e+06,20.204,714.35,486.89,18.003,714.2,487.12,18.096
361,3.2611e+06,2.9664e+06,40.515,1108.3,920.26,9.021,1108.2,920.14,9.2414
362,3.2588e+06,3.7895e+06,26.71,1099.9,1827.8,12.324,1099.3,1827.8,12.301
363,3.2568e+06,3.9697e+06,43.386,217.13,1168.5,17.37,217.31,1168.9,17.591
364,3.2531e+06,4.0468e+06,21.13,1216.3,1707.7,10.789,1216,1707.2,10.808
365,3.2526e+06,3.9408e+06,22.366,1592.4,856.04,5.9063,1592.1,855.94,6.0103
366,3.2518e+06,3.1103e+06,94.269,1647.2,954.88,26.876,1646.9,954.58,26.359
367,3.2511e+06,2.4281e+06,36.476,1620.5,1145.1,17.921,1620.8,1145.1,18.115
368,3.2509e+06,4.8986e+06,15.954,1173.1,1531.7,6.7935,1172.7,1531.8,6.7716
369,3.2499e+06,3.7859e+06,20.95,1484.8,1499,12.888,1484.3,1498.9,12.937
370,3.2469e+06,1.8375e+06,55.158,899.45,637.45,12.9,899.27,638.1,13.168
371,3.2426e+06,2.692e+06,42.341,1118.8,1336.8,16.381,1119,1336.2,16.58
372,3.2413e+06,3.0139e+06,19.049,344.03,786.88,15.722,343.64,787.16,15.731
373,3.2411e+06,1.9006e+06,10.322,662.12,740.31,17.651,661.95,740.37,17.609
374,3.2391e+06,3.4028e+06,25.92,1600.9,1711.4,5.9575,1600.4,1711.2,6.034
375,3.2376e+06,3.3534e+06,28.803,1681.1,1438.3,21.464,1680.9,1438.4,21.617
376,3.2371e+06,3.2173e+06,34.219,1300.8,918.44,18.687,1300.2,918.19,18.8
377,3.2369e+06,2.0925e+06,43.064,56.005,846.02,7.7979,55.6,845.8,8.0145
378,3.236e+06,5.0357e+06,11.367,194.44,317.22,17.129,194.29,317.36,17.174
379,3.231e+06,3.1625e+06,37.367,1705.6,748.67,22.025,1705.3,748.26,22.199
380,3.2276e+06,3.5146e+06,36.561,296.35,237.42,9.9174,295.88,237.44,10.092
381,3.2234e+06,3.3818e+06,30.275,1791.4,491.24,4.5103,1790.8,491.53,4.5867
382,3.2205e+06,4.3194e+06,35.159,545.89,243.37,7.5988,545.48,244.04,7.69
383,3.22e+06,2.8489e+06,25.314,783.49,289.38,16.778,783.04,289.12,16.858
384,3.2131e+06,3.7323e+06,16.754,1367.6,942.13,12.994,1367.5,942.07,13.081
385,3.213e+06,3.3554e+06,29.405,1760.8,504.19,14.091,1760.4,504.27,14.229
386,3.2122e+06,3.0379e+06,8.0152,156.59,32.379,17.773,156.47,32.42,17.739
387,3.2073e+06,4.5568e+06,4.8844,313.11,1485.6,13.24,313.08,1485.6,13.266
388,3.2031e+06,3.4911e+06,43.08,866.14,270.2,4.3282,865.9,270.54,4.5487
389,3.2007e+06,3.2158e+06,41.745,570.12,384.17,12.439,569.9,384.46,12.657
390,3.2003e+06,5.0603e+06,8.9328,592.2,1082.3,7.7013,592.04,1082.3,7.6715
391,3.198e+06,4.9255e+06,39.85,510.92,196.67,5.4555,510.67,196.82,5.6674
392,3.1975e+06,4.1939e+06,32.879,1419.4,1888.6,11.588,1418.8,1888.8,11.471
393,3.1975e+06,4.2598e+06,29.46,1405.6,158.25,7.5638,1405.3,158.61,7.684
394,3.1951e+06,4.337e+06,20.959,1174.6,35.436,5.0752,1174.4,35.73,5.1582
395,3.1864e+06,2.9464e+06,22.168,1510.6,1737.4,6.4023,1510.3,1737,6.4571
396,3.1775e+06,4.3595e+06,15.621,1134.5,287.75,8.8084,1134.3,287.82,8.8801
397,3.1775e+06,3.3449e+06,25.472,1394.7,1576.8,9.3425,1394.2,1576.4,9.3738
398,3.173e+06,4.0823e+06,23.429,365.42,1242.4,15.479,365.42,1242.3,15.603
399,3.1723e+06,3.1999e+06,33.89,1178.8,1894.7,17.862,1178.7,1894.2,18.004
400,3.1667e+06,4.4299e+06,25.51,305.12,352.48,17.565,304.95,352.74,17.688
401,3.1658e+06,4.3006e+06,13.307,336.34,1587.5,6.6183,336.19,1587.2,6.6515
402,3.1653e+06,2.6117e+06,14.987,638.92,1855.6,23.965,639.29,1855.6,23.976
403,3.1625e+06,3.5859e+06,52.794,1772.1,92.159,20.53,1771.6,92.375,20.795
404,3.162e+06,3.5749e+06,28.586,1696.7,174.25,4.4341,1696,174.28,4.4791
405,3.1538e+06,2.8945e+06,67.882,12.004,111.03,8.6735,11.811,111.39,9.0394
406,3.1495e+06,5.1484e+06,10.024,1270.8,1578.7,14.631,1270.6,1578.8,14.641
407,3.1472e+06,3.4885e+06,13.243,26.689,877.69,16.039,26.476,877.44,16.028
408,3.1448e+06,4.3939e+06,65.983,1224.4,1553.7,13.968,1224.3,1553.6,14.332
409,3.1444e+06,4.4445e+06,34.458,1559.2,260.35,4.8929,1559.2,260.36,5.0838
410,3.1404e+06,4.0203e+06,22.439,1659.4,378.62,5.406,1658.9,378.52,5.4668
411,3.1384e+06,2.7534e+06,37.854,1768.7,1892.5,12.44,1768.5,1892.3,12.637
412,3.1291e+06,3.4755e+06,31.87,351.28,775.85,11.538,351.19,775.95,11.363
413,3.1278e+06,4.1099e+06,65.746,1105.4,400.93,4.8916,1105,401.28,5.2381
414,3.1267e+06,4.3152e+06,24.892,773.55,508.41,18.379,773.44,508.37,18.515
415,3.1082e+06,2.6587e+06,17.607,950.77,673.23,10.029,950.38,673.26,9.9797
416,3.1079e+06,3.5075e+06,48.143,1359,431.5,9.3086,1358.9,431.12,9.5613
417,3.1078e+06,3.1982e+06,14.926,997.47,536.73,16.385,997.22,536.81,16.444
418,3.1045e+06,4.4767e+06,13.483,621.34,42.764,7.9591,621.17,43.03,7.9881
419,3.101e+06,2.607e+06,28.309,1772.8,1236.7,22.435,1772.7,1236.3,22.559
420,3.1008e+06,3.0567e+06,20.706,182.05,1512,9.396,181.94,1511.9,9.5036
421,3.0924e+06,3.2388e+06,25.858,1051.8,1337.3,5.8814,1051.5,1336.9,5.9714
422,3.0903e+06,2.1042e+06,82.82,1598.8,888.76,26.01,1598.1,888.57,25.578
423,3.0879e+06,4.5197e+06,26.989,1470.4,1346.6,23.217,1470.1,1346.2,23.326
424,3.0855e+06,4.9896e+06,21.982,863.5,5.3222,6.2593,863.06,5.6387,6.2312
425,3.0807e+06,3.1572e+06,24.729,1486.9,1842,6.7214,1486.6,1842.1,6.8389
426,3.0742e+06,3.1258e+06,88.499,1760.2,1369.7,13.442,1760.2,1369.7,13.934
427,3.0734e+06,4.5424e+06,36.22,1321.6,1540.6,11.397,1321.5,1540.4,11.593
428,3.0651e+06,2.0922e+06,53.162,1692,834.73,10.589,1692.3,834.62,10.873
429,3.0629e+06,1.8642e+06,50.33,1258,1609.5,12.241,1257.6,1609.4,11.973
430,3.0618e+06,2.6483e+06,10.968,1216,708.11,10.747,1215.8,707.98,10.7
431,3.0589e+06,4.9467e+06,28.778,519.46,1436.5,8.8769,519.3,1436.6,9.0312
432,3.0525e+06,3.2352e+06,26.423,709.32,1787.1,7.6105,709.24,1787.1,7.7561
433,3.0404e+06,2.9319e+06,18.255,1424.2,326.57,4.3233,1424,326.87,4.3849
434,3.0291e+06,3.0579e+06,21.158,904.33,1398.6,6.9143,904.04,1398.7,7.0092
435,3.0254e+06,5.3214e+06,13.951,1453.3,1463,12.49,1453,1463,12.54
436,3.0168e+06,2.5569e+06,10.555,410.16,1407,15.341,409.98,1406.8,15.323
437,3.0149e+06,4.7702e+06,8.8836,624.94,1834,5.5836,624.91,1833.8,5.606
438,3.0133e+06,3.6226e+06,44.62,1236.3,449.3,14.393,1236.5,449.28,14.637
439,3.0018e+06,4.7827e+06,27.28,1513.2,424.15,9.1426,1512.8,424.36,9.2431
440,2.9934e+06,3.9727e+06,22.753,1158.5,371.34,8.7244,1158.5,371.36,8.5982
441,2.9933e+06,1.874e+06,83.888,1901.5,1390.8,10.602,1899.5,1390.5,10.683
442,2.9931e+06,3.9644e+06,33.861,1071.4,229.05,10.011,1070.9,228.77,10.155
443,2.9925e+06,4.2693e+06,27.313,1508,644.7,8.3811,1507.8,644.78,8.5213
444,2.9887e+06,3.4773e+06,45.121,544.64,1895.7,8.7354,544.58,1895.4,8.9757
445,2.9873e+06,2.3303e+06,62.593,1547.6,1098,5.4653,1547,1097.7,5.7759
446,2.9756e+06,2.3182e+06,29.95,34.045,1202.8,15.739,33.572,1202.7,15.864
447,2.9644e+06,3.9148e+06,5.5776,97.25,1350.2,8.6512,97.189,1350.1,8.639
448,2.9532e+06,2.2285e+06,19.612,1695,213.97,7.4075,1694.6,213.69,7.3797
449,2.9497e+06,3.7791e+06,52.79,1876.2,860.22,23.211,1876,860.17,23.501
450,2.9472e+06,4.0474e+06,10.034,854.44,449.09,14.132,854.39,449.3,14.16
451,2.9461e+06,2.74e+06,30.448,514.96,364.43,9.827,514.91,364.49,9.9953
452,2.9459e+06,2.0619e+06,27.584,915.83,534.78,23.881,915.53,534.92,24.016
453,2.943e+06,3.3198e+06,23.098,1109.6,57.169,8.6337,1109.1,57.385,8.5789
454,2.9342e+06,3.4785e+06,28.06,1603.4,1821.5,12.305,1603,1821.2,12.408
455,2.9338e+06,3.1837e+06,55.917,390.63,566.95,16.885,390.76,567.7,17.147
456,2.9293e+06,3.9479e+06,30.994,1298.2,1589.1,11.847,1298.2,1589,12.018
457,2.9284e+06,4.3547e+06,28.705,1259.9,272.69,14.513,1259.4,273.17,14.564
458,2.9169e+06,3.4262e+06,25.648,1548.2,879.08,20.537,1548,879.1,20.4
459,2.9161e+06,3.7379e+06,28.733,1593.3,1107.9,20.975,1593.7,1108.4,20.993
460,2.9156e+06,3.9424e+06,35.197,507.04,1135.2,8.6076,506.7,1135.1,8.7882
461,2.9134e+06,5.1379e+06,30.688,751.52,257.94,19.659,751.25,258.38,19.787
462,2.9128e+06,3.8928e+06,16.72,1387.7,580.02,11.45,1387.3,580.18,11.424
463,2.911e+06,3.4701e+06,10.817,262.21,516.47,8.4975,262.19,516.6,8.4442
464,2.9042e+06,3.9143e+06,40.441,688.39,1299.9,18.423,688.23,1299.9,18.201
465,2.9029e+06,3.0315e+06,13.244,113.12,1627.4,17.873,113.07,1627.3,17.944
466,2.9009e+06,3.5619e+06,39.614,1878.5,104.53,10.63,1878.2,104.41,10.831
467,2.9e+06,4.1372e+06,40.482,1746.3,801.53,26.709,1746.2,801.25,26.494
468,2.8963e+06,1.3062e+06,107.38,741.53,1376.5,27.168,741.55,1376.7,26.573
469,2.8896e+06,1.9713e+06,14.882,712.41,208.3,6.1094,712.13,208.39,6.1584
470,2.8759e+06,3.9022e+06,8.602,397.96,1470.6,11.271,397.81,1470.7,11.303
471,2.8681e+06,4.2618e+06,55.941,1900.2,872.27,25.235,1899.1,872.26,25.43
472,2.8614e+06,3.5216e+06,38.005,687.93,214.93,8.3843,687.78,214.93,8.5929
473,2.86e+06,3.8724e+06,26.073,320.84,1008,6.8719,320.19,1008,6.8963
474,2.8577e+06,3.9911e+06,32.47,67.849,1777.7,11.639,68.118,1777.8,11.805
475,2.8528e+06,2.8854e+06,49.07,1805.1,181.8,4.5622,1804.7,181.64,4.818
476,2.8528e+06,3.6262e+06,16.359,1622.9,266.62,4.1767,1622.5,266.47,4.1558
477,2.8524e+06,3.0421e+06,22.119,738.22,468.06,15.809,738.12,468.52,15.874
478,2.8509e+06,3.7734e+06,28.992,819.26,1855.5,22.758,819.49,1855.1,22.626
479,2.8473e+06,2.677e+06,25.381,1726.7,623.16,12.727,1726.3,622.99,12.829
480,2.8471e+06,4.0199e+06,32.883,1862.4,724.78,23.698,1861.7,724.45,23.744
481,2.8466e+06,4.0496e+06,17.007,689.08,756.06,6.4496,688.94,756.28,6.3744
482,2.8425e+06,2.4482e+06,172.42,1291.1,1253.3,27.778,1290.5,1252.6,26.844
483,2.834e+06,3.5284e+06,30.595,1667.5,1435.5,21.644,1667.1,1435.1,21.757
484,2.8308e+06,1.8704e+06,76.964,1901.2,1039.1,21.745,1899.3,1038.7,21.867
485,2.8225e+06,4.337e+06,72.294,1710.3,911.5,21.268,1709.9,911.39,21.662
486,2.8063e+06,4.7869e+06,36.569,1094.4,1812.2,9.5567,1094.1,1811.7,9.7212
487,2.8047e+06,2.5457e+06,18.556,993.79,1730.7,10.897,993.37,1730.6,10.94
488,2.802e+06,2.7245e+06,27.637,1035.3,1415.3,8.8777,1035,1415.1,8.7448
489,2.8e+06,3.3507e+06,22.635,1477.6,1385.5,22.719,1477.7,1385.1,22.806
490,2.7962e+06,3.6098e+06,8.9337,1283.3,1778.6,6.8769,1283.5,1778.7,6.9062
491,2.7884e+06,3.1811e+06,26.525,210.81,284.55,6.7051,210.7,284.44,6.5619
492,2.7753e+06,3.4627e+06,45.825,1641.6,362.39,10.793,1641.6,362.6,11.044
493,2.7708e+06,4.788e+06,35.815,1035.4,592.71,5.1436,1035,592.7,5.3206
494,2.7691e+06,2.8613e+06,17.165,137.51,239.18,15.617,137.31,239.28,15.699
495,2.764e+06,3.3062e+06,60.35,426.76,343.9,8.0431,426.47,344.16,8.3667
496,2.7379e+06,2.8581e+06,19.899,359.49,300.29,13.86,359.13,299.97,13.893
497,2.7361e+06,3.3888e+06,30.05,1611.8,306.01,7.2191,1611.6,306.07,7.3781
498,2.735e+06,4.6263e+06,52.363,1615.7,90.864,22.258,1615.3,91.106,22.526
499,2.7266e+06,3.2064e+06,11.172,507.16,1822.3,7.1256,506.99,1822.2,7.1716
500,2.7223e+06,2.8228e+06,20.929,382.32,890.66,12.886,382.37,891.16,12.853
501,2.7161e+06,3.3806e+06,9.8774,287.5,1759.3,8.2395,287.28,1759.2,8.2223
502,2.7116e+06,2.835e+06,76.25,28.552,1642.8,18.267,28.252,1642.8,18.685
503,2.7081e+06,1.7136e+06,25.172,791.82,389.27,7.5768,791.6,389.5,7.4558
504,2.706e+06,2.1662e+06,20.626,901.74,512.63,23.234,901.53,512.81,23.331
505,2.7046e+06,2.7009e+06,64.735,1837.3,124.8,7.9545,1837,125.54,7.6405
506,2.703e+06,3.3972e+06,13.087,1457.2,1495,7.6335,1456.8,1494.9,7.6303
507,2.7029e+06,4.0308e+06,29.244,1125,668.9,16.736,1124.9,668.39,16.624
508,2.7012e+06,4.3669e+06,30.73,498.08,267.08,10.445,497.5,266.97,10.558
509,2.7009e+06,2.5329e+06,68.014,1549.2,550.98,10.886,1548.8,551.27,10.528
510,2.7007e+06,2.6627e+06,7.7511,104.21,1597.8,14.197,104.36,1597.9,14.199
511,2.6926e+06,3.174e+06,24.984,762.36,351,18.068,761.85,351.11,18.147
512,2.6903e+06,3.0657e+06,21.915,1735,361.92,17.43,1734.8,362.37,17.472
513,2.6868e+06,3.0104e+06,29.007,1502.7,394.7,8.2445,1502.4,394.68,8.3977
514,2.6867e+06,4.7308e+06,19.388,1679.4,1711.9,19.749,1679.3,1711.7,19.847
515,2.6808e+06,4.1244e+06,48.44,1674.9,1848.8,20.225,1675.1,1848.9,20.49
516,2.6765e+06,3.3552e+06,36.535,1572,953.11,15.97,1571.4,952.96,16.111
517,2.6743e+06,4.4776e+06,63.514,789.21,354.55,11.248,789.35,355.11,11.577
518,2.6637e+06,2.9582e+06,67.43,1157.1,1054.4,15.025,1157,1054.4,15.399
519,2.6609e+06,4.8052e+06,15.706,1563,1039.5,23.331,1562.8,1039.2,23.359
520,2.6545e+06,1.6416e+06,70.071,849.28,1877.7,14.177,849.65,1877.4,13.803
521,2.6518e+06,2.5995e+06,66.203,694.98,691.21,7.3941,694.7,690.97,7.7529
522,2.6516e+06,3.8845e+06,34.914,1365.1,216.74,11.033,1364.9,216.95,11.212
523,2.6443e+06,2.3338e+06,52.703,1900.1,1555.6,10.51,1898.8,1555.6,10.469
524,2.6416e+06,1.3931e+06,11.567,1386.3,411.25,13.764,1386.3,411.33,13.824
525,2.6402e+06,4.696e+06,43.084,1845.2,538.59,10.728,1844.8,538.77,10.952
526,2.6371e+06,5.4608e+06,16.511,494.79,1818.8,12.801,494.56,1818.8,12.876
527,2.6362e+06,3.6363e+06,17.175,1566.9,937.22,6.2382,1566.7,937,6.1746
528,2.6212e+06,1.8448e+06,32.575,1110.2,192.35,6.8579,1110.5,192.79,6.9915
529,2.6159e+06,3.7511e+06,22.157,1787.3,1526.5,7.7708,1786.9,1526.2,7.7379
530,2.6105e+06,3.1864e+06,41.26,1492.9,1822,15.628,1492.7,1821.6,15.844
531,2.6095e+06,2.6654e+06,26.214,1814.9,41.425,10.068,1814.5,41.177,9.969
532,2.6095e+06,2.6169e+06,156.46,1300.4,1165.2,27.742,1300.4,1164.7,26.878
533,2.6052e+06,3.7357e+06,6.6231,1371.2,1406.9,8.9615,1371.1,1406.8,8.9494
534,2.5999e+06,2.2305e+06,191.29,1746.4,1546.8,27.988,1745.3,1545.9,26.972
535,2.5943e+06,2.8381e+06,128.81,1471.2,442.62,4.5589,1469,442.6,5.0788
536,2.5905e+06,2.4593e+06,20.499,1718,1752.2,9.3188,1717.8,1752.7,9.3313
537,2.5902e+06,4.6154e+06,22.106,21.933,1512.7,6.4656,21.743,1512.8,6.581
538,2.5829e+06,1.8503e+06,59.122,680.75,1322.6,21.888,681.04,1322.8,22.207
539,2.5811e+06,4.3852e+06,9.4599,1701.3,805.95,9.975,1701.3,805.75,9.9461
540,2.5787e+06,4.4731e+06,77.241,620.15,587.86,22.386,620.12,588.04,22.813
541,2.5737e+06,1.8115e+06,41.757,579.21,1702.2,18.35,578.67,1702.1,18.548
542,2.5721e+06,2.8792e+06,10.812,1339.9,247.15,14.804,1339.6,247.22,14.805
543,2.5718e+06,3.3163e+06,32.827,1316.3,649.5,8.287,1315.9,650,8.1716
544,2.5693e+06,2.3194e+06,16.753,277.02,756.7,4.5109,276.78,756.83,4.583
545,2.5607e+06,3.2924e+06,31.914,1562.5,95.943,6.4069,1561.8,95.566,6.348
546,2.5555e+06,3.4458e+06,14.017,461.08,246.35,10.474,461.04,246.68,10.447
547,2.5486e+06,2.7609e+06,59.859,1650.3,826.03,15.596,1649.9,826.18,15.276
548,2.5482e+06,3.0573e+06,80.378,1709.2,906.46,26.815,1709.3,906.55,26.37
549,2.545e+06,3.1222e+06,42.982,506.4,173.82,6.4416,505.89,173.94,6.6505
550,2.545e+06,3.2674e+06,33.523,104.22,944.37,11.41,103.76,944.51,11.258
551,2.5337e+06,4.0434e+06,29.521,708.28,1881.5,8.8496,708.14,1881.2,9.0009
552,2.5297e+06,4.2054e+06,29.081,35.272,1799.1,14.243,34.752,1799.6,14.223
553,2.5286e+06,4.2315e+06,24.579,1807.4,1588.6,5.9975,1807,1588.7,6.1036
554,2.5248e+06,1.3932e+06,147.01,1157.5,616.84,27.985,1158,616.86,27.176
555,2.5234e+06,1.6447e+06,6.5335,1812,1247.3,20.063,1812.1,1247.2,20.05
556,2.5102e+06,2.1712e+06,9.2971,378,857.55,15.878,378,857.46,15.83
557,2.5044e+06,3.8384e+06,54.368,1796,1453.7,25.031,1796,1453.6,25.332
558,2.4972e+06,2.8729e+06,17.44,1460.9,1440.3,19.991,1460.7,1440.3,20.072
559,2.4897e+06,3.8598e+06,22.518,1859.3,1690.3,11.667,1859,1689.8,11.71
560,2.4596e+06,2.6024e+06,25.132,1802.7,1791.8,5.277,1802.5,1791.7,5.4097
561,2.4495e+06,4.1221e+06,23.284,1479,1888.7,18.51,1478.6,1888.4,18.599
562,2.4479e+06,2.7928e+06,34.174,1886.9,1554.7,6.1911,1886.5,1554.1,6.3003
563,2.4454e+06,3.0101e+06,47.951,1678.9,1322.2,23.213,1678,1321.8,23.37
564,2.4374e+06,4.2367e+06,21.492,402.49,19.569,7.6194,402.32,19.746,7.7257
565,2.4301e+06,3.087e+06,28.039,1817.5,642.11,7.5282,1816.8,642.22,7.5772
566,2.4202e+06,1.6722e+06,24.711,657.86,508.02,14.231,657.66,507.79,14.351
567,2.4017e+06,3.5066e+06,49.914,1518,1691.7,22.482,1518,1691.8,22.758
568,2.3986e+06,3.5586e+06,77.27,1882.4,1475.7,13.167,1882.2,1475.4,13.588
569,2.3896e+06,1.8697e+06,19.506,409.93,338.27,17.128,410,338.67,17.188
570,2.3868e+06,2.6668e+06,30.583,1741.6,49.822,5.9739,1741,49.685,6.0741
571,2.3817e+06,3.5013e+06,14.674,999.38,707.28,14.871,999.23,707.23,14.945
572,2.3809e+06,3.4034e+06,40.233,1506.5,687.04,18.356,1506.4,686.98,18.577
573,2.3743e+06,3.4693e+06,55.136,348.38,506.41,11.724,348.63,506.73,12.018
574,2.3696e+06,2.4946e+06,9.0232,1867.5,818.5,25.714,1867.4,818.28,25.703
575,2.3627e+06,2.722e+06,89.228,1226.4,580.65,26.687,1226.7,580.65,26.195
576,2.3556e+06,2.4342e+06,22.465,1801,1828.3,25.307,1801,1828.1,25.422
577,2.3474e+06,1.8412e+06,22.885,234.36,238.56,17.727,234.67,239.01,17.77
578,2.347e+06,3.2191e+06,26.88,1694.4,499.82,16.952,1694.3,499.82,17.097
579,2.3252e+06,1.7485e+06,34.992,1668.8,599.74,5.8273,1668.8,599.73,5.6335
580,2.3168e+06,3.8782e+06,48.555,1459.1,247.5,5.9303,1458.8,247.78,6.1821
581,2.316e+06,2.995e+06,28.586,1479.1,1727.4,14.901,1479.1,1726.9,15.009
582,2.3098e+06,1.8184e+06,21.361,856.31,601.42,12.294,856.07,601.54,12.397
583,2.3064e+06,2.9413e+06,32.127,1880.4,601.7,11.941,1880.6,602.07,12.093
584,2.3053e+06,4.7217e+06,47.158,1698.7,435.58,4.8631,1698.5,435.55,5.1213
585,2.2945e+06,3.8475e+06,30.696,1439,871.5,13.624,1438.3,871.65,13.687
586,2.2902e+06,4.0654e+06,23.505,1856.5,849.17,5.6935,1856.3,849.56,5.7782
587,2.29e+06,2.2352e+06,28.454,588.66,242.65,7.8662,588.75,242.92,7.7214
588,2.2895e+06,4.159e+06,44.818,388.43,810.13,17.531,388.04,809.77,17.752
589,2.2821e+06,2.5241e+06,19.557,439.7,495.43,5.1739,439.62,494.96,5.2009
590,2.28e+06,1.4723e+06,23.832,847.12,339.06,17.005,847.19,339.08,17.136
591,2.2799e+06,3.3912e+06,35.815,118.13,335,23.85,117.69,334.5,23.983
592,2.2777e+06,4.2747e+06,73.488,1526.2,747.06,20.838,1526.1,747.12,21.246
593,2.2738e+06,5.8355e+06,24.508,1840.6,658.75,6.6329,1840.5,658.8,6.7686
594,2.2717e+06,2.2241e+06,24.472,1753.8,12.303,12.898,1753.2,12.33,12.851
595,2.2712e+06,2.2252e+06,34.11,294.91,1574.6,12.003,294.52,1574.7,12.17
596,2.2672e+06,5.6705e+06,20.81,972.21,191.77,14.927,971.96,191.94,15.021
597,2.2514e+06,4.084e+06,70.049,14.319,1295.8,12.123,13.958,1295.9,12.503
598,2.2499e+06,4.6764e+06,72.176,363.64,753.2,14.831,363.39,753.29,15.228
599,2.2469e+06,3.3395e+06,22.74,547,253.31,9.1038,546.76,253.75,9.1632
600,2.2441e+06,2.0719e+06,86.261,1763.6,756.1,23.283,1763.2,755.8,23.751
601,2.2412e+06,2.1623e+06,23.458,1791.7,1851.5,14.258,1791.4,1851.4,14.353
602,2.2405e+06,2.2324e+06,22.685,796.38,1363.8,23.707,795.99,1364.1,23.645
603,2.1791e+06,2.5033e+06,170.54,1876.4,678.07,27.584,1875.9,678.19,26.644
604,2.1741e+06,4.0101e+06,22.773,1118,1507.8,7.6827,1117.7,1507.5,7.7565
605,2.1691e+06,3.1274e+06,132.31,14.165,1881,18.559,14.417,1881.1,19.291
606,2.1646e+06,2.356e+06,17.826,1801.7,1254.3,8.4008,1801.6,1254.5,8.3117
607,2.1353e+06,1.6107e+06,66.674,1847.1,47.472,8.1169,1846.5,47.011,8.4452
608,2.1068e+06,4.5666e+06,25.931,636.18,863.97,11.446,635.97,864.15,11.577
609,2.0882e+06,3.2633e+06,28.701,1638.2,73.026,5.0319,1637.8,73.602,5.0661
610,2.0859e+06,2.5507e+06,18.796,60.573,516.56,4.8565,60.214,516.74,4.9113
611,2.0716e+06,2.3688e+06,147.09,1598.9,1446.9,27.743,1598.9,1446.4,26.934
612,2.0677e+06,1.2334e+06,209.44,1827.8,1432,28.127,1828.7,1432,26.98
613,2.0583e+06,1.5226e+06,11.307,530.02,87.125,13.752,529.78,87.272,13.742
614,2.0495e+06,1.9414e+06,38.494,48.882,1590.8,11.493,49.43,1591.1,11.329
615,2.044e+06,2.215e+06,33.22,1686.1,232.54,4.8755,1685.9,232.79,4.7065
616,2.0376e+06,2.5747e+06,40.287,1767.1,1748.9,4.9874,1766.7,1749,5.1916
617,2.0373e+06,3.1597e+06,9.254,1782.6,1827.1,16.913,1782.5,1827.2,16.874
618,2.0286e+06,3.1108e+06,43.375,475.06,1827.2,10.501,475.26,1827,10.73
619,2.0225e+06,2.732e+06,8.416,1689.1,1865.2,20.204,1688.9,1865.1,20.194
620,2.0204e+06,3.5373e+06,136.74,707.7,555.76,27.503,707.84,555.7,26.744
621,2.0186e+06,2.2691e+06,118.96,901.33,1894.3,12.588,901.05,1894.7,13.241
622,2.0035e+06,2.4968e+06,20.569,1626,951.87,5.4272,1625.7,951.97,5.3445
623,1.9998e+06,3.8217e+06,63.75,1823.3,1779.3,5.131,1822.9,1779.4,5.4752
624,1.9881e+06,3.5276e+06,18.903,1836,1674.9,9.5329,1835.6,1675.1,9.5267
625,1.9881e+06,2.8244e+06,34.769,1108.4,1332.9,14.84,1108.6,1333,15.025
626,1.9721e+06,2.6284e+06,46.376,1341.7,125.1,8.6405,1341.4,125.1,8.889
627,1.971e+06,4.2691e+06,20.112,1653.8,1853.6,14.342,1653.6,1853.4,14.437
628,1.9529e+06,1.7645e+06,24.414,1195.9,216.7,16.412,1196.1,217.26,16.45
629,1.9523e+06,3.3756e+06,69.126,1061.8,492.68,22.598,1061.8,492.23,22.969
630,1.9455e+06,2.5969e+06,31.096,675.78,329.63,20.224,676.15,329.92,20.085
631,1.9446e+06,4.7932e+06,19.628,1150.8,1399.9,5.8761,1151,1399.7,5.9727
632,1.9425e+06,3.5539e+06,35.669,846.93,379.4,4.7917,846.59,379.34,4.9753
633,1.9392e+06,1.491e+06,65.209,357.34,790.26,14.57,356.96,790.28,14.923
634,1.9238e+06,3.0663e+06,50.258,77.979,1596.1,8.9432,77.356,1596.1,9.1863
635,1.9208e+06,2.9311e+06,73.124,1573.8,516.57,19.886,1573.6,516.16,20.278
636,1.9108e+06,1.4462e+06,165.93,1798.3,815.85,28.077,1797.4,815.61,27.175
637,1.9054e+06,2.185e+06,62.322,1670.5,153.35,13.7,1670.1,153.46,13.365
638,1.8866e+06,2.9336e+06,119.13,1573.1,1677.5,15.242,1570.2,1677.9,15.119
639,1.8798e+06,2.6709e+06,30.188,1843.3,1166.9,10.739,1843.1,1166.7,10.583
640,1.8771e+06,3.1374e+06,94.579,233.22,343.87,21.821,233.01,343.72,22.343
641,1.8722e+06,2.0203e+06,16.19,1386.5,1541.1,7.0257,1386.4,1540.8,7.0841
642,1.8628e+06,4.38e+06,36.278,542.45,1224.6,12.829,541.94,1224.9,12.684
643,1.8618e+06,2.7266e+06,15.023,1710.5,1596,8.0262,1710.6,1595.8,8.0953
644,1.8589e+06,3.0506e+06,39.351,711.8,1059.6,15.665,711.34,1059.9,15.848
645,1.8586e+06,4.7004e+06,68.704,1852.6,102.3,10.303,1852.2,101.74,10.655
646,1.8413e+06,3.0346e+06,123.8,1894.1,262.47,18.087,1894.2,261.33,18.728
647,1.829e+06,2.3592e+06,33.157,1843.4,1716,12.54,1842.9,1715.6,12.667
648,1.8134e+06,2.276e+06,10.182,1447,1548.7,24.536,1446.9,1548.4,24.536
649,1.8122e+06,2.8768e+06,11.063,1004.9,381.63,23.85,1005,381.88,23.871
650,1.8005e+06,2.998e+06,22.073,285.86,869.48,5.6735,285.69,869.32,5.5624
651,1.7938e+06,3.1727e+06,6.3718,236.27,1885.8,9.0657,236.14,1885.7,9.0477
652,1.7681e+06,5.0323e+06,12.81,721.64,1838.7,14.453,721.63,1838.4,14.482
653,1.7574e+06,2.5438e+06,29.336,1281.9,761.46,12.355,1282,761.17,12.503
654,1.7492e+06,1.9588e+06,17.821,1653.3,1033.1,17.249,1653.6,1032.8,17.213
655,1.7427e+06,3.3568e+06,60.475,901.26,798.57,13.213,900.15,798.64,13.441
656,1.7261e+06,1.7316e+06,53.895,1771.7,1115.7,14.736,1771.2,1115.7,15.012
657,1.7116e+06,2.77e+06,41.853,1820.8,58.242,9.0058,1820.4,58.338,9.2192
658,1.7041e+06,2.3878e+06,52.561,588.01,317.23,20.476,586.86,316.94,20.606
659,1.6851e+06,2.0582e+06,26.575,348.75,188.56,19.828,348.54,188.03,19.906
660,1.6493e+06,1.4593e+06,51.019,1655.2,16.92,20.837,1654.5,17.007,21.079
661,1.6319e+06,3.0236e+06,15.327,1366.4,731.07,6.9885,1366.4,731.45,7.0017
662,1.619e+06,2.9653e+06,94.472,1757.6,542.48,14.988,1757.5,542.34,15.511
663,1.5978e+06,2.1818e+06,33.765,1782,56.882,14.73,1781.4,56.9,14.594
664,1.542e+06,2.8347e+06,63.298,1895.9,711.9,22.484,1895.6,711.98,22.827
665,1.5412e+06,2.6452e+06,40.214,79.472,1858.5,9.6773,79.067,1858.2,9.8743
666,1.5142e+06,1.644e+06,57.728,1784.6,83.395,5.1929,1784.2,83.22,5.5037
667,1.5064e+06,1.4361e+06,34.247,1552.4,171.86,5.9186,1551.8,172.22,5.8219
668,1.5022e+06,2.3268e+06,24.227,1000.3,1834.8,9.0688,1000.2,1834.8,8.9408
669,1.5007e+06,4.5073e+06,41.555,1208,1512.7,15.207,1208.1,1513,15.427
670,1.4843e+06,2.1174e+06,82.327,1544.1,1420.2,11.19,1544,1420,11.644
671,1.484e+06,2.9657e+06,83.398,1399.6,1563.5,21.291,1398.4,1562.8,21.649
672,1.476e+06,2.2284e+06,28.152,195.02,1468,8.6278,194.64,1468,8.7602
673,1.457e+06,1.8985e+06,19.041,160.64,544.39,8.0674,160.22,544.24,8.108
674,1.4313e+06,1.8152e+06,21.024,1210.8,1663.7,10.134,1211,1663.4,10.061
